angle,polynomial,linear
80.0,-148.76789510280668,-148.767895102808
80.15037593984962,-148.76881095456477,-148.76844806536178
80.30075187969925,-148.76969209711936,-148.76900102791552
80.45112781954887,-148.77053920328092,-148.7695539904693
80.6015037593985,-148.77135311729063,-148.77010695302303
80.75187969924812,-148.7721348290165,-148.7706599155768
80.90225563909775,-148.77288545016793,-148.77121287813054
81.05263157894737,-148.77360619242253,-148.7717658406843
81.203007518797,-148.7742983473619,-148.77231880323805
81.35338345864662,-148.77496326811828,-148.77287176579182
81.50375939849624,-148.77560235263675,-148.7734247283456
81.65413533834587,-148.7762170284623,-148.77397769089933
81.80451127819549,-148.77680873896355,-148.7745306534531
81.95488721804512,-148.77737893090995,-148.77508361600684
82.10526315789474,-148.7779290433211,-148.7756365785606
82.25563909774436,-148.77846049751156,-148.77618954111435
82.40601503759399,-148.7789746882563,-148.77674250366812
82.55639097744361,-148.77947297600704,-148.77729546622186
82.70676691729324,-148.77995668009012,-148.77784842877563
82.85714285714286,-148.78042707282225,-148.7784013913294
83.00751879699249,-148.7808853744813,-148.77895435388314
83.15789473684211,-148.78133274907293,-148.7795073164369
83.30827067669173,-148.7817703008365,-148.78006027899065
83.45864661654136,-148.78219907143642,-148.78061324154442
83.60902255639098,-148.78262003778664,-148.78116620409816
83.7593984962406,-148.78303411046022,-148.78171916665192
83.90977443609023,-148.7834421326364,-148.78227212920567
84.06015037593986,-148.78384487954116,-148.78282509175943
84.21052631578948,-148.78424305833886,-148.7833780543132
84.3609022556391,-148.78463730843478,-148.78393101686694
84.51127819548873,-148.7850282021507,-148.7844839794207
84.66165413533835,-148.78541624573722,-148.78503694197445
84.81203007518798,-148.78580188068898,-148.78558990452822
84.9624060150376,-148.78618548532992,-148.78614286708196
85.11278195488723,-148.78656737663903,-148.78653755864266
85.26315789473684,-148.7869478122867,-148.78687949320567
85.41353383458646,-148.78732699285547,-148.7872214277687
85.56390977443608,-148.78770506421915,-148.78756336233172
85.71428571428571,-148.78808212005669,-148.78790529689473
85.86466165413533,-148.78845820447788,-148.78824723145775
86.01503759398496,-148.78883331474054,-148.78858916602076
86.16541353383458,-148.78920740403862,-148.78893110058377
86.3157894736842,-148.78958038434382,-148.78927303514678
86.46616541353383,-148.7899521292828,-148.7896149697098
86.61654135338345,-148.79032247703475,-148.7899569042728
86.76691729323308,-148.79069123323416,-148.7902988388358
86.9172932330827,-148.7910581738656,-148.79064077339882
87.06766917293233,-148.79142304813772,-148.79098270796186
87.21804511278195,-148.79178558132497,-148.79132464252487
87.36842105263158,-148.79214547756686,-148.79166657708788
87.5187969924812,-148.79250242261477,-148.7920085116509
87.66917293233082,-148.7928560865179,-148.7923504462139
87.81954887218045,-148.79320612624045,-148.7926923807769
87.96992481203007,-148.79355218820302,-148.79303431533992
88.1203007518797,-148.793893910742,-148.79337624990293
88.27067669172932,-148.79423092648145,-148.79371818446594
88.42105263157895,-148.79456286461257,-148.79406011902896
88.57142857142857,-148.79488935307674,-148.794402053592
88.7218045112782,-148.79521002064865,-148.794743988155
88.87218045112782,-148.79552449891622,-148.79508592271802
89.02255639097744,-148.79583242415563,-148.79542785728103
89.17293233082707,-148.7961334390989,-148.79576979184404
89.32330827067669,-148.7964271945931,-148.79611172640705
89.47368421052632,-148.7967133511504,-148.79645366097006
89.62406015037594,-148.79699158038807,-148.79679559553307
89.77443609022556,-148.79726156635903,-148.79713753009608
89.92481203007519,-148.79752300677282,-148.7974794646591
90.07518796992481,-148.797775614108,-148.7976914963568
90.22556390977444,-148.79801911661693,-148.79777362518917
90.37593984962406,-148.79825325922448,-148.79785575402153
90.52631578947368,-148.79847780432206,-148.7979378828539
90.67669172932331,-148.79869253245914,-148.79802001168625
90.82706766917293,-148.7988972429345,-148.7981021405186
90.97744360902256,-148.79909175428907,-148.79818426935097
91.12781954887218,-148.79927590470402,-148.79826639818333
91.2781954887218,-148.79944955230562,-148.7983485270157
91.42857142857143,-148.79961257538085,-148.79843065584808
91.57894736842105,-148.79976487250622,-148.79851278468044
91.72932330827068,-148.79990636259353,-148.7985949135128
91.8796992481203,-148.80003698485547,-148.79867704234516
92.03007518796993,-148.80015669869465,-148.79875917117752
92.18045112781955,-148.80026548351998,-148.79884130000988
92.33082706766918,-148.8003633384931,-148.79892342884224
92.4812030075188,-148.80045028220965,-148.7990055576746
92.63157894736842,-148.8005263523181,-148.79908768650697
92.78195488721805,-148.8005916050803,-148.79916981533935
92.93233082706767,-148.80064611487776,-148.79925194417171
93.0827067669173,-148.8006899736666,-148.79933407300408
93.23308270676692,-148.80072329038578,-148.79941620183644
93.38345864661655,-148.80074619032186,-148.7994983306688
93.53383458646617,-148.80075881443418,-148.79958045950116
93.6842105263158,-148.80076131864385,-148.79966258833352
93.8345864661654,-148.80075387309077,-148.79974471716588
93.98496240601503,-148.8007366613615,-148.79982684599824
94.13533834586465,-148.80070987969225,-148.79990897483063
94.28571428571428,-148.80067373614992,-148.799991103663
94.4360902255639,-148.80062844979483,-148.80007323249535
94.58646616541353,-148.80057424982854,-148.8001553613277
94.73684210526315,-148.8005113747297,-148.80023749016007
94.88721804511277,-148.8004400713814,-148.80031961899243
95.0375939849624,-148.80036059419294,-148.80034001575933
95.18796992481202,-148.80027320421894,-148.8001752163298
95.33834586466165,-148.80017816827885,-148.80001041690028
95.48872180451127,-148.80007575807937,-148.79984561747074
95.6390977443609,-148.79996624934265,-148.7996808180412
95.78947368421052,-148.79984992094276,-148.79951601861168
95.93984962406014,-148.79972705405285,-148.79935121918214
96.09022556390977,-148.79959793130536,-148.7991864197526
96.2406015037594,-148.7994628359674,-148.7990216203231
96.39097744360902,-148.79932205113357,-148.79885682089355
96.54135338345864,-148.79917585893818,-148.798692021464
96.69172932330827,-148.7990245397884,-148.7985272220345
96.84210526315789,-148.79886837162064,-148.79836242260495
96.99248120300751,-148.7987076291813,-148.7981976231754
97.14285714285714,-148.79854258333367,-148.7980328237459
97.29323308270676,-148.79837350039224,-148.79786802431636
97.44360902255639,-148.79820064148592,-148.79770322488682
97.59398496240601,-148.79802426195067,-148.7975384254573
97.74436090225564,-148.79784461075369,-148.79737362602776
97.89473684210526,-148.79766192994882,-148.79720882659822
98.04511278195488,-148.79747645416495,-148.7970440271687
98.19548872180451,-148.79728841012772,-148.79687922773917
98.34586466165413,-148.79709801621487,-148.79671442830963
98.49624060150376,-148.79690548204627,-148.79654962888011
98.64661654135338,-148.7967110081085,-148.79638482945057
98.796992481203,-148.79651478541444,-148.79622003002103
98.94736842105263,-148.79631699519817,-148.79605523059152
99.09774436090225,-148.79611780864474,-148.79589043116198
99.24812030075188,-148.79591738665547,-148.79572563173244
99.3984962406015,-148.7957158796481,-148.79556083230293
99.54887218045113,-148.7955134273916,-148.79539603287338
99.69924812030075,-148.79531015887585,-148.79523123344384
99.84962406015038,-148.79510619221497,-148.79506643401433
100.0,-148.79490163458456,-148.7949016345848
100.15037593984962,-148.79469658219173,-148.79469023116803
100.30075187969925,-148.7944911202777,-148.79447882775128
100.45112781954887,-148.794285323152,-148.79426742433452
100.6015037593985,-148.79407925425753,-148.79405602091776
100.75187969924812,-148.7938729662657,-148.793844617501
100.90225563909775,-148.7936665012007,-148.79363321408425
101.05263157894737,-148.793459890592,-148.7934218106675
101.203007518797,-148.79325315565376,-148.79321040725074
101.35338345864662,-148.79304630749056,-148.79299900383398
101.50375939849624,-148.79283934732803,-148.79278760041723
101.65413533834587,-148.79263226676704,-148.79257619700047
101.80451127819549,-148.79242504806078,-148.79236479358372
101.95488721804512,-148.7922176644128,-148.79215339016696
102.10526315789474,-148.7920100802955,-148.7919419867502
102.25563909774436,-148.7918022517871,-148.79173058333345
102.40601503759399,-148.79159412692593,-148.7915191799167
102.55639097744361,-148.79138564608118,-148.79130777649996
102.70676691729324,-148.7911767423379,-148.7910963730832
102.85714285714286,-148.7909673418957,-148.79088496966645
103.00751879699249,-148.79075736447894,-148.7906735662497
103.15789473684211,-148.79054672375776,-148.79046216283294
103.30827067669173,-148.79033532777822,-148.79025075941618
103.45864661654136,-148.79012307939982,-148.79003935599943
103.60902255639098,-148.7899098767396,-148.78982795258267
103.7593984962406,-148.78969561362112,-148.7896165491659
103.90977443609023,-148.78948018002666,-148.78940514574916
104.06015037593986,-148.789263462552,-148.7891937423324
104.21052631578948,-148.7890453448614,-148.78898233891564
104.3609022556391,-148.78882570814258,-148.7887709354989
104.51127819548873,-148.78860443155946,-148.78855953208213
104.66165413533835,-148.7883813927016,-148.78834812866538
104.81203007518798,-148.78815646802957,-148.78813672524862
104.9624060150376,-148.78792953331427,-148.78792532183186
105.11278195488723,-148.78770046406945,-148.78765980119317
105.26315789473685,-148.78746913597618,-148.7873762414805
105.41353383458646,-148.7872354252981,-148.78709268176783
105.56390977443608,-148.78699920928622,-148.78680912205516
105.71428571428571,-148.78676036657265,-148.7865255623425
105.86466165413533,-148.7865187775516,-148.78624200262985
106.01503759398496,-148.78627432474727,-148.78595844291718
106.16541353383458,-148.78602689316742,-148.7856748832045
106.3157894736842,-148.78577637064188,-148.78539132349184
106.46616541353383,-148.78552264814502,-148.78510776377917
106.61654135338345,-148.78526562010163,-148.7848242040665
106.76691729323308,-148.7850051846753,-148.78454064435383
106.9172932330827,-148.7847412440389,-148.78425708464115
107.06766917293233,-148.78447370462627,-148.78397352492848
107.21804511278195,-148.78420247736466,-148.7836899652158
107.36842105263158,-148.78392747788786,-148.78340640550314
107.5187969924812,-148.7836486267288,-148.7831228457905
107.66917293233082,-148.78336584949201,-148.78283928607783
107.81954887218045,-148.78307907700525,-148.78255572636516
107.96992481203007,-148.78278824545018,-148.7822721666525
108.1203007518797,-148.78249329647173,-148.78198860693982
108.27067669172932,-148.7821941772665,-148.78170504722715
108.42105263157895,-148.78189084064954,-148.78142148751448
108.57142857142857,-148.7815832451,-148.7811379278018
108.7218045112782,-148.78127135478545,-148.78085436808914
108.87218045112782,-148.78095513956518,-148.78057080837647
109.02255639097744,-148.78063457497237,-148.7802872486638
109.17293233082707,-148.7803096421759,-148.78000368895115
109.32330827067669,-148.7799803279215,-148.77972012923848
109.47368421052632,-148.7796466244531,-148.7794365695258
109.62406015037594,-148.7793085294146,-148.77915300981314
109.77443609022556,-148.77896604573232,-148.77886945010047
109.92481203007519,-148.77861918147929,-148.7785858903878
110.07518796992481,-148.77826794972125,-148.7782362360521
110.22556390977444,-148.7779123683456,-148.77782048709335
110.37593984962406,-148.77755245987336,-148.7774047381346
110.52631578947368,-148.77718825125584,-148.77698898917586
110.67669172932331,-148.77681977365555,-148.77657324021712
110.82706766917293,-148.77644706221338,-148.77615749125837
110.97744360902256,-148.77607015580224,-148.77574174229963
111.12781954887218,-148.7756890967681,-148.77532599334089
111.2781954887218,-148.77530393065987,-148.77491024438217
111.42857142857143,-148.77491470594848,-148.77449449542343
111.57894736842105,-148.77452147373668,-148.77407874646468
111.72932330827068,-148.77412428746047,-148.77366299750594
111.8796992481203,-148.77372320258308,-148.7732472485472
112.03007518796991,-148.77331827628302,-148.77283149958845
112.18045112781954,-148.7729095671368,-148.7724157506297
112.33082706766916,-148.77249713479807,-148.77200000167096
112.48120300751879,-148.77208103967394,-148.77158425271222
112.63157894736841,-148.77166134259983,-148.77116850375347
112.78195488721803,-148.77123810451414,-148.77075275479473
112.93233082706766,-148.77081138613374,-148.77033700583598
113.08270676691728,-148.77038124763192,-148.76992125687724
113.23308270676691,-148.76994774831937,-148.7695055079185
113.38345864661653,-148.7695109463302,-148.76908975895975
113.53383458646616,-148.76907089831366,-148.768674010001
113.68421052631578,-148.76862765913293,-148.76825826104226
113.8345864661654,-148.7681812815723,-148.76784251208355
113.98496240601503,-148.76773181605395,-148.7674267631248
114.13533834586465,-148.76727931036524,-148.76701101416606
114.28571428571428,-148.76682380939795,-148.76659526520731
114.4360902255639,-148.76636535490056,-148.76617951624857
114.58646616541353,-148.76590398524456,-148.76576376728983
114.73684210526315,-148.76543973520597,-148.76534801833108
114.88721804511277,-148.764972635763,-148.76493226937234
115.0375939849624,-148.7645027139111,-148.76449047083034
115.18796992481202,-148.76402999249603,-148.76397052353852
115.33834586466165,-148.76355449006607,-148.7634505762467
115.48872180451127,-148.76307622074435,-148.7629306289549
115.6390977443609,-148.76259519412164,-148.76241068166308
115.78947368421052,-148.76211141517106,-148.7618907343713
115.93984962406014,-148.76162488418487,-148.76137078707947
116.09022556390977,-148.761135596734,-148.76085083978765
116.2406015037594,-148.76064354365136,-148.76033089249586
116.39097744360902,-148.76014871103888,-148.75981094520404
116.54135338345864,-148.75965108029916,-148.75929099791225
116.69172932330827,-148.7591506281916,-148.75877105062042
116.84210526315789,-148.75864732691394,-148.7582511033286
116.99248120300751,-148.75814114420876,-148.7577311560368
117.14285714285714,-148.75763204349565,-148.757211208745
117.29323308270676,-148.7571199840285,-148.7566912614532
117.44360902255639,-148.7566049210783,-148.75617131416138
117.59398496240601,-148.75608680614135,-148.75565136686959
117.74436090225564,-148.75556558717213,-148.75513141957776
117.89473684210526,-148.755041208841,-148.75461147228594
118.04511278195488,-148.7545136128162,-148.75409152499415
118.19548872180451,-148.75398273806942,-148.75357157770233
118.34586466165413,-148.75344852120472,-148.75305163041054
118.49624060150376,-148.75291089680942,-148.75253168311872
118.64661654135338,-148.75236979782701,-148.7520117358269
118.796992481203,-148.75182515595023,-148.7514917885351
118.94736842105263,-148.7512769020342,-148.75097184124328
119.09774436090225,-148.75072496652757,-148.7504518939515
119.24812030075188,-148.75016927992124,-148.74993194665967
119.3984962406015,-148.74960977321265,-148.74941199936785
119.54887218045113,-148.7490463783848,-148.74889205207606
119.69924812030075,-148.74847902889783,-148.74837210478424
119.84962406015038,-148.7479076601921,-148.74785215749245
120.0,-148.74733221020054,-148.74733221020063
120.15037593984962,-148.74675261986846,-148.74668562631322
120.30075187969925,-148.74616883367952,-148.74603904242585
120.45112781954887,-148.74558080018457,-148.74539245853845
120.6015037593985,-148.74498847253253,-148.74474587465104
120.75187969924812,-148.744391809,-148.74409929076367
120.90225563909775,-148.74379077351801,-148.74345270687627
121.05263157894737,-148.74318533619302,-148.7428061229889
121.203007518797,-148.7425754738199,-148.7421595391015
121.35338345864662,-148.7419611703842,-148.7415129552141
121.50375939849624,-148.74134241755127,-148.74086637132672
121.65413533834587,-148.7407192151389,-148.74021978743932
121.80451127819549,-148.74009157157175,-148.7395732035519
121.95488721804512,-148.73945950431343,-148.73892661966454
122.10526315789474,-148.7388230402744,-148.73828003577714
122.25563909774436,-148.73818221619229,-148.73763345188976
122.40601503759399,-148.7375370789814,-148.73698686800236
122.55639097744361,-148.73688768604902,-148.73634028411496
122.70676691729324,-148.73623410557485,-148.73569370022759
122.85714285714286,-148.73557641675094,-148.73504711634018
123.00751879699249,-148.73491470997894,-148.73440053245278
123.15789473684211,-148.7342490870213,-148.7337539485654
123.30827067669173,-148.73357966110407,-148.733107364678
123.45864661654136,-148.7329065569674,-148.7324607807906
123.60902255639098,-148.73222991086166,-148.73181419690323
123.7593984962406,-148.73154987048542,-148.73116761301583
123.90977443609023,-148.7308665948631,-148.73052102912845
124.06015037593986,-148.73018025415894,-148.72987444524105
124.21052631578948,-148.72949102942496,-148.72922786135365
124.3609022556391,-148.72879911228011,-148.72858127746628
124.51127819548873,-148.72810470451822,-148.72793469357887
124.66165413533835,-148.7274080176422,-148.72728810969147
124.81203007518798,-148.7267092723225,-148.7266415258041
124.9624060150376,-148.7260086977777,-148.7259949419167
125.11278195488723,-148.72530653107538,-148.72531932100495
125.26315789473685,-148.7246030163513,-148.72463402108505
125.41353383458647,-148.7238984039462,-148.7239487211652
125.5639097744361,-148.72319294945822,-148.7232634212453
125.71428571428571,-148.7224869127104,-148.72257812132543
125.86466165413533,-148.72178055663252,-148.72189282140556
126.01503759398496,-148.72107414605725,-148.72120752148567
126.16541353383458,-148.7203679464299,-148.7205222215658
126.3157894736842,-148.71966222243273,-148.7198369216459
126.46616541353383,-148.71895723652455,-148.71915162172604
126.61654135338345,-148.71825324739612,-148.71846632180615
126.76691729323308,-148.71755050834363,-148.71778102188628
126.9172932330827,-148.71684926556185,-148.7170957219664
127.06766917293233,-148.71614975635973,-148.71641042204652
127.21804511278195,-148.71545220730113,-148.71572512212663
127.36842105263158,-148.71475683227456,-148.71503982220676
127.5187969924812,-148.7140638304962,-148.71435452228687
127.66917293233082,-148.71337338445042,-148.713669222367
127.81954887218045,-148.71268565777393,-148.7129839224471
127.96992481203007,-148.712000793089,-148.71229862252724
128.1203007518797,-148.71131890979316,-148.71161332260735
128.2706766917293,-148.71064010181257,-148.71092802268748
128.42105263157896,-148.70996443532746,-148.7102427227676
128.57142857142856,-148.70929194647917,-148.70955742284772
128.7218045112782,-148.70862263906838,-148.70887212292786
128.8721804511278,-148.70795648225584,-148.70818682300796
129.02255639097746,-148.7072934082776,-148.7075015230881
129.17293233082705,-148.70663331018736,-148.7068162231682
129.3233082706767,-148.70597603964012,-148.70613092324834
129.4736842105263,-148.70532140473247,-148.70544562332844
129.62406015037595,-148.70466916791503,-148.70476032340858
129.77443609022555,-148.70401904399526,-148.70407502348868
129.9248120300752,-148.70337069824868,-148.70338972356882
130.0751879699248,-148.70272374465867,-148.70265394183485
130.22556390977445,-148.70207774430617,-148.70186767828682
130.37593984962405,-148.70143220393172,-148.70108141473878
130.5263157894737,-148.70078657469412,-148.70029515119074
130.6766917293233,-148.70014025115134,-148.6995088876427
130.82706766917292,-148.6994925704907,-148.69872262409467
130.97744360902254,-148.69884281203727,-148.69793636054663
131.12781954887217,-148.69819019707086,-148.6971500969986
131.2781954887218,-148.69753388898388,-148.69636383345056
131.42857142857142,-148.69687299381425,-148.69557756990253
131.57894736842104,-148.69620656118892,-148.6947913063545
131.72932330827066,-148.69553358571622,-148.69400504280648
131.8796992481203,-148.69485300886672,-148.69321877925844
132.0300751879699,-148.69416372138454,-148.6924325157104
132.18045112781954,-148.6934645662734,-148.69164625216237
132.33082706766916,-148.69275434240345,-148.69085998861433
132.4812030075188,-148.69203180878768,-148.6900737250663
132.6315789473684,-148.691295689579,-148.68928746151826
132.78195488721803,-148.6905446798412,-148.68850119797023
132.93233082706766,-148.68977745215,-148.6877149344222
133.08270676691728,-148.68899266408278,-148.68692867087415
133.2330827067669,-148.68818896665812,-148.68614240732612
133.38345864661653,-148.68736501378945,-148.68535614377808
133.53383458646616,-148.68651947281975,-148.68456988023004
133.68421052631578,-148.68565103620722,-148.683783616682
133.8345864661654,-148.68475843443463,-148.68299735313397
133.98496240601503,-148.68384045021912,-148.68221108958593
134.13533834586465,-148.68289593410108,-148.6814248260379
134.28571428571428,-148.68192382149536,-148.68063856248986
134.4360902255639,-148.6809231512907,-148.67985229894182
134.58646616541353,-148.67989308608702,-148.6790660353938
134.73684210526315,-148.67883293416406,-148.67827977184575
134.88721804511277,-148.67774217327826,-148.67749350829772
135.0375939849624,-148.67662047638882,-148.6767017902453
135.18796992481202,-148.67546773941777,-148.67589370867958
135.33834586466165,-148.67428411115307,-148.67508562711387
135.48872180451127,-148.67307002540758,-148.67427754554816
135.6390977443609,-148.6718262355517,-148.67346946398246
135.78947368421052,-148.6705538515409,-148.67266138241675
135.93984962406014,-148.66925437956507,-148.67185330085104
136.09022556390977,-148.66792976445032,-148.67104521928533
136.2406015037594,-148.6665824349487,-148.67023713771962
136.39097744360902,-148.66521535205732,-148.66942905615392
136.54135338345864,-148.66383206051162,-148.6686209745882
136.69172932330827,-148.66243674360422,-148.6678128930225
136.8421052631579,-148.66103428148517,-148.6670048114568
136.99248120300751,-148.65963031310525,-148.66619672989108
137.14285714285714,-148.6582313019695,-148.66538864832538
137.29323308270676,-148.6568446058734,-148.66458056675967
137.4436090225564,-148.65547855080104,-148.66377248519396
137.593984962406,-148.65414250916913,-148.66296440362825
137.74436090225564,-148.65284698260822,-148.66215632206254
137.89473684210526,-148.65160368947787,-148.66134824049684
138.04511278195488,-148.6504256573193,-148.66054015893113
138.1954887218045,-148.64932732045582,-148.65973207736542
138.34586466165413,-148.64832462295763,-148.65892399579974
138.49624060150376,-148.64743512719468,-148.65811591423403
138.64661654135338,-148.6466781282089,-148.65730783266832
138.796992481203,-148.64607477414313,-148.65649975110261
138.94736842105263,-148.6456481929729,-148.6556916695369
139.09774436090225,-148.64542362579374,-148.6548835879712
139.24812030075188,-148.64542856692464,-148.6540755064055
139.3984962406015,-148.645692911097,-148.65326742483978
139.54887218045113,-148.64624910800532,-148.65245934327407
139.69924812030075,-148.64713232450504,-148.65165126170837
139.84962406015038,-148.64838061475083,-148.65084318014266
140.0,-148.65003509857823,-148.65003509857695
