oo,polynomial,linear
1.0,-148.3753080825817,-148.37530808258398
1.005012531328321,-148.68072740139854,-148.38635685117336
1.0100250626566416,-148.88762565801588,-148.3974056197627
1.0150375939849625,-149.01794389833077,-148.40845438835208
1.0200501253132832,-149.089741113549,-148.41950315694146
1.0250626566416041,-149.1177705113964,-148.4305519255308
1.0300751879699248,-149.1139821659618,-148.44160069412018
1.0350877192982457,-149.0879602459006,-148.45264946270953
1.0401002506265664,-149.04730221953548,-148.4636982312989
1.0451127819548873,-148.99794670294867,-148.47474699988828
1.050125313283208,-148.94445594842352,-148.48579576847763
1.055137844611529,-148.8902583605879,-148.496844537067
1.0601503759398496,-148.8378558719414,-148.50789330565638
1.0651629072681705,-148.78900050380676,-148.51894207424573
1.0701754385964912,-148.74484397910075,-148.5299908428351
1.0751879699248121,-148.7060638363022,-148.54103961142445
1.0802005012531328,-148.67296911581144,-148.55208838001383
1.0852130325814537,-148.6455883476875,-148.5631371486032
1.0902255639097744,-148.6237422603385,-148.57418591719255
1.0952380952380953,-148.60710335061083,-148.58523468578193
1.100250626566416,-148.5952442040596,-148.59602417968452
1.105263157894737,-148.58767622790313,-148.60188745453846
1.1102756892230576,-148.5838802558912,-148.6077507293924
1.1152882205513786,-148.58333030212816,-148.6136140042463
1.1203007518796992,-148.58551157786945,-148.61947727910024
1.1253132832080202,-148.58993373977552,-148.62534055395417
1.130325814536341,-148.59614020841622,-148.6312038288081
1.1353383458646618,-148.6037142805629,-148.63706710366205
1.1403508771929824,-148.61228265653253,-148.64293037851596
1.1453634085213034,-148.62151691349231,-148.6487936533699
1.1503759398496243,-148.6311333758004,-148.65465692822383
1.155388471177945,-148.6408917633677,-148.66052020307777
1.1604010025062659,-148.65059293748882,-148.6663834779317
1.1654135338345866,-148.660076009886,-148.6722467527856
1.1704260651629075,-148.6692150339303,-148.67811002763955
1.1754385964912282,-148.6779154564701,-148.68397330249348
1.180451127819549,-148.68611047372943,-148.68983657734742
1.1854636591478698,-148.6937574046845,-148.69569985220136
1.1904761904761907,-148.70083416970456,-148.70156312705527
1.1954887218045114,-148.70733594047277,-148.7074264019092
1.2005012531328323,-148.71327200888823,-148.71296725705616
1.205513784461153,-148.71866290733337,-148.71560633484043
1.210526315789474,-148.7235378000317,-148.7182454126247
1.2155388471177946,-148.72793215486215,-148.72088449040896
1.2205513784461155,-148.7318856966436,-148.72352356819323
1.2255639097744362,-148.73544063629134,-148.72616264597747
1.230576441102757,-148.7386401651206,-148.72880172376173
1.2355889724310778,-148.74152719972838,-148.731440801546
1.2406015037593987,-148.74414336011935,-148.73407987933027
1.2456140350877196,-148.7465281618955,-148.73671895711453
1.2506265664160403,-148.74871840224037,-148.7393580348988
1.255639097744361,-148.75074771897312,-148.74199711268304
1.260651629072682,-148.75264630199956,-148.7446361904673
1.2656641604010028,-148.7544407369618,-148.74727526825157
1.2706766917293235,-148.7561539616661,-148.74991434603584
1.2756892230576442,-148.75780531691345,-148.7525534238201
1.2807017543859651,-148.75941067456552,-148.75519250160437
1.285714285714286,-148.7609826270188,-148.7578315793886
1.2907268170426067,-148.76253072367436,-148.76047065717287
1.2957393483709276,-148.76406174144068,-148.76310973495714
1.3007518796992483,-148.7655799777606,-148.7655346877426
1.3057644110275692,-148.7670875560833,-148.76674626553466
1.31077694235589,-148.76858473508688,-148.76795784332674
1.3157894736842108,-148.77007021427784,-148.76916942111885
1.3208020050125315,-148.7715414298405,-148.77038099891092
1.3258145363408524,-148.77299483576937,-148.771592576703
1.3308270676691731,-148.7744261663872,-148.77280415449508
1.335839598997494,-148.7758306773254,-148.77401573228718
1.3408521303258147,-148.77720336291938,-148.77522731007926
1.3458646616541357,-148.77853914875223,-148.77643888787134
1.3508771929824563,-148.77983305876393,-148.7776504656634
1.3558897243107773,-148.78108035693683,-148.77886204345552
1.3609022556390982,-148.78227666407162,-148.7800736212476
1.3659147869674189,-148.7834180505893,-148.78128519903967
1.3709273182957395,-148.7845011066375,-148.78249677683178
1.3759398496240605,-148.7855229910501,-148.78370835462385
1.3809523809523814,-148.78648146091246,-148.78491993241593
1.385964912280702,-148.7873748836289,-148.786131510208
1.3909774436090228,-148.78820223347893,-148.7873430880001
1.3959899749373437,-148.7889630746896,-148.7885546657922
1.4010025062656646,-148.78965753305224,-148.78955608754373
1.4060150375939853,-148.79028625807388,-148.78971688513315
1.411027568922306,-148.79085037758762,-148.78987768272253
1.4160401002506269,-148.7913514466523,-148.79003848031192
1.4210526315789478,-148.79179139245915,-148.79019927790134
1.4260651629072685,-148.7921724568323,-148.79036007549072
1.4310776942355894,-148.79249713776954,-148.79052087308014
1.43609022556391,-148.79276813131912,-148.79068167066953
1.441102756892231,-148.79298827493383,-148.79084246825892
1.4461152882205517,-148.793160493288,-148.79100326584833
1.4511278195488726,-148.79328774738727,-148.79116406343772
1.4561403508771933,-148.79337298764935,-148.79132486102714
1.4611528822055142,-148.7934191114879,-148.79148565861652
1.466165413533835,-148.79342892579223,-148.7916464562059
1.4711779448621558,-148.79340511456428,-148.79180725379533
1.4761904761904765,-148.79335021185435,-148.7919680513847
1.4812030075187974,-148.79326658002466,-148.79212884897413
1.486215538847118,-148.7931563932715,-148.79228964656352
1.491228070175439,-148.79302162624722,-148.7924504441529
1.49624060150376,-148.79286404754757,-148.79261124174232
1.5012531328320806,-148.79268521776305,-148.7926451184286
1.5062656641604013,-148.79248649174048,-148.79229823240556
1.5112781954887222,-148.79226902465692,-148.7919513463825
1.5162907268170431,-148.792033781476,-148.79160446035945
1.5213032581453638,-148.79178154933425,-148.7912575743364
1.5263157894736845,-148.79151295239234,-148.79091068831335
1.5313283208020054,-148.79122846868083,-148.7905638022903
1.5363408521303263,-148.79092844847514,-148.79021691626727
1.541353383458647,-148.79061313374388,-148.7898700302442
1.5463659147869677,-148.79028267823267,-148.78952314422116
1.5513784461152886,-148.789937167768,-148.7891762581981
1.5563909774436095,-148.7895766403932,-148.78882937217506
1.5614035087719302,-148.78920110597974,-148.78848248615202
1.566416040100251,-148.78881056499196,-148.78813560012895
1.5714285714285718,-148.7884050261197,-148.78778871410591
1.5764411027568928,-148.78798452253207,-148.78744182808288
1.5814536340852134,-148.78754912654514,-148.7870949420598
1.5864661654135344,-148.78709896253574,-148.78674805603677
1.5914786967418553,-148.78663421797324,-148.78640117001373
1.596491228070176,-148.78615515248015,-148.78605428399067
1.6015037593984967,-148.785662104869,-148.7856378862639
1.6065162907268176,-148.7851554981395,-148.7850592945618
1.6115288220551385,-148.78463584245253,-148.78448070285967
1.6165413533834592,-148.78410373612982,-148.78390211115754
1.6215538847117799,-148.78355986475523,-148.78332351945542
1.6265664160401008,-148.78300499848027,-148.7827449277533
1.6315789473684217,-148.78243998765825,-148.7821663360512
1.6365914786967424,-148.78186575695085,-148.78158774434908
1.641604010025063,-148.78128329806745,-148.78100915264696
1.646616541353384,-148.7806936613098,-148.78043056094484
1.651629072681705,-148.7800979461046,-148.7798519692427
1.6566416040100256,-148.7794972907132,-148.7792733775406
1.6616541353383463,-148.77889286131085,-148.7786947858385
1.6666666666666672,-148.77828584062846,-148.77811619413637
1.671679197994988,-148.77767741634835,-148.77753760243425
1.6766917293233088,-148.77706876943958,-148.77695901073213
1.6817042606516295,-148.7764610626125,-148.77638041903
1.6867167919799504,-148.7758554290627,-148.77580182732788
1.6917293233082713,-148.77525296166252,-148.77522323562576
1.696741854636592,-148.77465470274743,-148.77464464392366
1.7017543859649127,-148.77406163462823,-148.7740921520501
1.7067669172932338,-148.7734746709467,-148.77358813128666
1.7117794486215545,-148.77289464897513,-148.77308411052323
1.7167919799498752,-148.7723223229432,-148.7725800897598
1.7218045112781961,-148.77175835845952,-148.77207606899637
1.726817042606517,-148.7712033280766,-148.77157204823294
1.7318295739348377,-148.77065770803165,-148.7710680274695
1.7368421052631584,-148.77012187617802,-148.77056400670608
1.7418546365914793,-148.76959611110613,-148.77005998594265
1.7468671679198002,-148.76908059243627,-148.76955596517922
1.751879699248121,-148.76857540225149,-148.7690519444158
1.7568922305764416,-148.76808052762385,-148.76854792365236
1.7619047619047625,-148.76759586417543,-148.76804390288893
1.7669172932330834,-148.76712122060312,-148.7675398821255
1.7719298245614041,-148.76665632408606,-148.76703586136207
1.7769423558897248,-148.7662008264864,-148.76653184059865
1.7819548872180457,-148.76575431124544,-148.76602781983522
1.7869674185463666,-148.7653163008723,-148.7655237990718
1.7919799498746873,-148.76488626491744,-148.76501977830839
1.796992481203008,-148.76446362832016,-148.76451575754496
1.802005012531329,-148.7640477800187,-148.76405706459892
1.8070175438596499,-148.76363808171044,-148.763666363379
1.8120300751879705,-148.7632338766518,-148.7632756621591
1.8170426065162912,-148.76283449839042,-148.76288496093918
1.8220551378446121,-148.76243927932552,-148.76249425971926
1.827067669172933,-148.76204755899806,-148.76210355849935
1.8320802005012538,-148.76165869201859,-148.76171285727943
1.8370927318295747,-148.76127205554744,-148.76132215605952
1.8421052631578956,-148.76088705625037,-148.7609314548396
1.8471177944862163,-148.7605031366616,-148.7605407536197
1.852130325814537,-148.76011978089502,-148.76015005239978
1.8571428571428579,-148.75973651965444,-148.75975935117987
1.8621553884711788,-148.75935293450442,-148.75936864995995
1.8671679197994995,-148.7589686613723,-148.75897794874004
1.8721804511278202,-148.75858339326373,-148.75858724752013
1.877192982456141,-148.75819688218314,-148.7581965463002
1.882205513784462,-148.75780894026198,-148.7578058450803
1.8872180451127827,-148.7574194401062,-148.75741514386038
1.8922305764411034,-148.75702831438429,-148.75702444264047
1.8972431077694243,-148.75663555468682,-148.75663374142056
1.9022556390977452,-148.75624120969505,-148.75624295979665
1.907268170426066,-148.75584538270544,-148.75585207990122
1.9122807017543866,-148.75544822856287,-148.75546120000575
1.9172932330827075,-148.75504995006096,-148.75507032011032
1.9223057644110284,-148.75465079387425,-148.75467944021486
1.927318295739349,-148.7542510460894,-148.7542885603194
1.9323308270676698,-148.7538510274075,-148.75389768042396
1.9373433583959907,-148.75345108809034,-148.7535068005285
1.9423558897243116,-148.75305160272552,-148.75311592063306
1.9473684210526323,-148.75265296488527,-148.7527250407376
1.952380952380953,-148.75225558175282,-148.75233416084214
1.957393483709274,-148.7518598687893,-148.7519432809467
1.9624060150375948,-148.75146624450994,-148.75155240105124
1.9674185463659155,-148.75107512543724,-148.75116152115578
1.9724310776942364,-148.75068692129187,-148.75077064126035
1.9774436090225573,-148.75030203047933,-148.75037976136488
1.982456140350878,-148.74992083592346,-148.74998888146945
1.9874686716791987,-148.74954370129205,-148.749598001574
1.9924812030075196,-148.7491709676532,-148.74920712167852
1.9974937343358405,-148.74880295059373,-148.7488162417831
2.0025062656641612,-148.74843993782363,-148.74846853498613
2.007518796992482,-148.74808218728356,-148.7481640012877
2.0125313283208026,-148.74772992576308,-148.74785946758928
2.0175438596491233,-148.74738334803163,-148.74755493389085
2.0225563909774444,-148.74704261647514,-148.74725040019243
2.0275689223057656,-148.74670786122428,-148.746945866494
2.0325814536340863,-148.7463791807538,-148.74664133279558
2.037593984962407,-148.74605664292412,-148.74633679909715
2.0426065162907276,-148.74574028643238,-148.74603226539872
2.0476190476190483,-148.74543012263203,-148.7457277317003
2.052631578947369,-148.74512613767686,-148.74542319800184
2.05764411027569,-148.74482829494025,-148.74511866430342
2.062656641604011,-148.74453653765644,-148.744814130605
2.067669172932332,-148.74425079172877,-148.74450959690657
2.0726817042606527,-148.74397096864712,-148.74420506320814
2.0776942355889734,-148.743696968456,-148.74390052950972
2.082706766917294,-148.7434286827146,-148.7435959958113
2.0877192982456148,-148.74316599739078,-148.74329146211286
2.0927318295739354,-148.74290879563233,-148.74298692841444
2.0977443609022566,-148.74265696036232,-148.742682394716
2.1027568922305773,-148.74241037664683,-148.7424353801759
2.1077694235588984,-148.7421689337899,-148.7422354267653
2.112781954887219,-148.74193252711368,-148.7420354733547
2.11779448621554,-148.74170105938757,-148.7418355199441
2.1228070175438605,-148.74147444187807,-148.7416355665335
2.127819548872181,-148.74125259499547,-148.7414356131229
2.132832080200502,-148.74103544852267,-148.7412356597123
2.137844611528823,-148.7408229414186,-148.7410357063017
2.1428571428571437,-148.74061502119594,-148.7408357528911
2.147869674185465,-148.7404116428825,-148.74063579948051
2.1528822055137855,-148.7402127675818,-148.74043584606991
2.157894736842106,-148.74001836065867,-148.7402358926593
2.162907268170427,-148.73982838958162,-148.7400359392487
2.1679197994987476,-148.7396428214626,-148.7398359858381
2.1729323308270687,-148.7394616203416,-148.7396360324275
2.1779448621553894,-148.73928474426992,-148.7394360790169
2.1829573934837105,-148.73911214225228,-148.7392361256063
2.1879699248120312,-148.7389437511127,-148.7390361721957
2.192982456140352,-148.73877949235407,-148.7388362187851
2.1979949874686726,-148.73861926908353,-148.73863626537454
2.2030075187969933,-148.7384629630796,-148.7384742506505
2.208020050125314,-148.73831043207656,-148.7383375283842
2.213032581453635,-148.73816150734288,-148.7382008061179
2.218045112781956,-148.73801599162786,-148.73806408385158
2.223057644110277,-148.73787365754976,-148.7379273615853
2.2280701754385976,-148.73773424649266,-148.73779063931897
2.2330827067669183,-148.7375974680762,-148.73765391705268
2.238095238095239,-148.73746300025422,-148.73751719478636
2.2431077694235597,-148.73733049009178,-148.73738047252007
2.2481203007518804,-148.73719955525954,-148.73724375025375
2.2531328320802015,-148.73706978627644,-148.73710702798746
2.2581453634085222,-148.7369407495182,-148.73697030572114
2.2631578947368434,-148.73681199099846,-148.73683358345485
2.268170426065164,-148.73668304091623,-148.73669686118856
2.2731829573934847,-148.73655341894855,-148.73656013892224
2.2781954887218054,-148.73642264025477,-148.73642341665595
2.283208020050126,-148.73629022214263,-148.73628669438963
2.2882205513784473,-148.73615569133278,-148.73614997212334
2.293233082706768,-148.73601859174312,-148.73601324985702
2.298245614035089,-148.7358784926999,-148.73587652759073
2.30325814536341,-148.7357349974689,-148.73571344777085
2.3082706766917305,-148.73558775198677,-148.7355361754221
2.313283208020051,-148.73543645365964,-148.73535890307338
2.318295739348372,-148.73528086008645,-148.73518163072464
2.3233082706766925,-148.73512079755344,-148.7350043583759
2.3283208020050137,-148.73495616913914,-148.73482708602717
2.3333333333333344,-148.73478696226346,-148.73464981367843
2.3383458646616555,-148.7346132555096,-148.7344725413297
2.343358395989976,-148.73443522454747,-148.734295268981
2.348370927318297,-148.73425314698721,-148.73411799663225
2.3533834586466176,-148.73406740599606,-148.7339407242835
2.3583959899749383,-148.73387849251844,-148.73376345193478
2.363408521303259,-148.73368700594835,-148.73358617958604
2.36842105263158,-148.73349365311714,-148.7334089072373
2.373433583959901,-148.7332992454745,-148.73323163488857
2.378446115288222,-148.7331046943612,-148.73305436253983
2.3834586466165426,-148.73291100429296,-148.7328770901911
2.3884711779448633,-148.73271926420193,-148.73269981784236
2.393483709273184,-148.73253063660957,-148.73252254549365
2.3984962406015047,-148.7323463447365,-148.73234527314492
2.4035087719298254,-148.7321676575892,-148.7322532740963
2.4085213032581465,-148.7319958730986,-148.73219782074779
2.4135338345864676,-148.73183229942538,-148.73214236739923
2.4185463659147883,-148.73167823458456,-148.7320869140507
2.423558897243109,-148.7315349445855,-148.73203146070216
2.4285714285714297,-148.73140364032196,-148.73197600735364
2.4335839598997504,-148.7312854534918,-148.73192055400511
2.438596491228071,-148.73118141186387,-148.73186510065656
2.4436090225563922,-148.73109241425206,-148.73180964730804
2.448621553884713,-148.73101920559284,-148.7317541939595
2.453634085213034,-148.7309623525586,-148.73169874061097
2.4586466165413547,-148.73092222017044,-148.73164328726241
2.4636591478696754,-148.73089894990184,-148.7315878339139
2.468671679197996,-148.73089243978646,-148.73153238056537
2.473684210526317,-148.73090232705962,-148.73147692721682
2.4786967418546375,-148.73092797387216,-148.7314214738683
2.4837092731829586,-148.73096845661618,-148.73136602051974
2.4887218045112793,-148.73102255939608,-148.73131056717122
2.4937343358396005,-148.73108877215932,-148.7312551138227
2.498746867167921,-148.73116529397632,-148.73119966047415
2.503759398496242,-148.73125004191874,-148.73116707502388
2.5087719298245625,-148.73134066593684,-148.73114211220636
2.5137844611528832,-148.7314345700735,-148.73111714938884
2.518796992481204,-148.7315289402784,-148.73109218657132
2.523809523809525,-148.73162077899738,-148.7310672237538
2.5288220551378457,-148.7317069466123,-148.73104226093625
2.533834586466167,-148.7317842096916,-148.73101729811873
2.5388471177944876,-148.73184929588638,-148.7309923353012
2.5438596491228083,-148.73189895516757,-148.7309673724837
2.548872180451129,-148.73193002694876,-148.73094240966617
2.5538847117794496,-148.73193951247995,-148.73091744684865
2.558897243107771,-148.73192465172534,-148.73089248403113
2.5639097744360915,-148.73188300376228,-148.7308675212136
2.5689223057644126,-148.73181252955354,-148.7308425583961
2.5739348370927333,-148.73171167575936,-148.73081759557857
2.578947368421054,-148.7315794580672,-148.73079263276102
2.5839598997493747,-148.7314155423326,-148.7307676699435
2.5889724310776954,-148.7312203216448,-148.73074270712598
2.593984962406016,-148.730994987261,-148.73071774430846
2.598997493734337,-148.7307415911981,-148.73069278149094
2.604010025062658,-148.73046309813319,-148.73067092547234
2.609022556390979,-148.7301634241517,-148.73064984615348
2.6140350877192997,-148.72984745979795,-148.7306287668346
2.6190476190476204,-148.72952107483533,-148.73060768751574
2.624060150375941,-148.7291911021162,-148.7305866081969
2.629072681704262,-148.72886529800292,-148.730565528878
2.6340852130325825,-148.728552276879,-148.73054444955915
2.6390977443609036,-148.7282614174467,-148.7305233702403
2.6441102756892243,-148.72800273873577,-148.7305022909214
2.6491228070175454,-148.72778674405245,-148.73048121160255
2.654135338345866,-148.72762423148473,-148.73046013228367
2.659147869674187,-148.72752607005887,-148.7304390529648
2.6641604010025075,-148.72750294121687,-148.73041797364596
2.669172932330828,-148.72756504596276,-148.73039689432707
2.6741854636591493,-148.72772177881282,-148.73037581500822
2.67919799498747,-148.7279813705836,-148.73035473568933
2.684210526315791,-148.7283505030686,-148.73033365637048
2.689223057644112,-148.7288338997869,-148.73031257705162
2.6942355889724325,-148.72943389823948,-148.73029149773274
2.6992481203007532,-148.73015001047608,-148.73027041841388
2.704260651629074,-148.7309784802542,-148.73025717437383
2.7092731829573946,-148.73191184665384,-148.73024531303003
2.7142857142857157,-148.7329385256857,-148.73023345168625
2.7192982456140364,-148.7340424231827,-148.73022159034247
2.7243107769423576,-148.73520259407385,-148.7302097289987
2.7293233082706783,-148.73639296498024,-148.73019786765488
2.734335839598999,-148.7375821389173,-148.7301860063111
2.7393483709273196,-148.7387333026935,-148.73017414496732
2.7443609022556403,-148.73980425931947,-148.7301622836235
2.749373433583961,-148.7407476093329,-148.73015042227973
2.754385964912282,-148.74151110633213,-148.73013856093596
2.759398496240603,-148.7420382131248,-148.73012669959218
2.764411027568924,-148.7422688856563,-148.73011483824837
2.7694235588972447,-148.74214061217148,-148.7301029769046
2.7744360902255654,-148.7415897347848,-148.7300911155608
2.779448621553886,-148.7405530796427,-148.730079254217
2.7844611528822067,-148.73896992001931,-148.73006739287322
2.7894736842105274,-148.73678429381943,-148.73005553152944
2.7944862155388486,-148.73394769287356,-148.73004367018567
2.7994987468671697,-148.7304221359013,-148.73003180884186
2.8045112781954904,-148.72618362982888,-148.73002033011275
2.809523809523811,-148.72122601502022,-148.7300088938964
2.814536340852132,-148.7155651786125,-148.72999745768004
2.8195488721804525,-148.7092436061976,-148.72998602146367
2.824561403508773,-148.7023352251911,-148.72997458524733
2.8295739348370943,-148.6949504729697,-148.72996314903097
2.834586466165415,-148.68724149877136,-148.7299517128146
2.839598997493736,-148.67940737994357,-148.72994027659823
2.844611528822057,-148.67169919982658,-148.7299288403819
2.8496240601503775,-148.6644247957763,-148.72991740416552
2.854636591478698,-148.65795294086297,-148.72990596794915
2.859649122807019,-148.6527166709146,-148.72989453173278
2.8646616541353396,-148.64921540899977,-148.72988309551644
2.8696741854636607,-148.64801547123812,-148.72987165930007
2.8746867167919814,-148.64974846007928,-148.7298602230837
2.8796992481203025,-148.65510696280148,-148.72984878686736
2.8847117794486232,-148.66483687281945,-148.729837350651
2.889724310776944,-148.67972553820042,-148.72982591443463
2.8947368421052646,-148.70058481420625,-148.72981447821826
2.8997493734335853,-148.7282279532278,-148.72980304200192
2.904761904761906,-148.7634391045582,-148.72980222969076
2.909774436090227,-148.8069340163147,-148.7298019765325
2.914786967418548,-148.85931033059123,-148.72980172337427
2.919799498746869,-148.92098563857076,-148.72980147021605
2.9248120300751896,-148.99212121260746,-148.7298012170578
2.9298245614035103,-149.072529054943,-148.72980096389955
2.934837092731831,-149.1615595949912,-148.72980071074133
2.9398496240601517,-149.25796702646412,-148.72980045758308
2.944862155388473,-149.35974889886796,-148.72980020442483
2.9498746867167935,-149.4639561619898,-148.72979995126659
2.9548872180451147,-149.56646940337785,-148.72979969810837
2.9598997493734354,-149.66173651390463,-148.72979944495012
2.964912280701756,-149.7424664611764,-148.72979919179187
2.9699248120300767,-149.79927324069197,-148.72979893863362
2.9749373433583974,-149.8202634056121,-148.7297986854754
2.979949874686718,-149.79055984284054,-148.72979843231715
2.9849624060150393,-149.69175366068396,-148.7297981791589
2.98997493734336,-149.50127517601666,-148.72979792600066
2.994987468671681,-149.19167403048596,-148.72979767284244
3.0000000000000018,-148.72979741967987,-148.7297974196842
