distance,polynomial,linear
0.9,-195.22889498866905,-195.2288949886688
0.9020025031289112,-195.2401935044925,-195.2373788997148
0.9040050062578223,-195.2513559759301,-195.2458628107608
0.9060075093867335,-195.26238381043188,-195.25434672180683
0.9080100125156446,-195.2732784114787,-195.26283063285283
0.9100125156445558,-195.28404117793957,-195.27131454389882
0.9120150187734668,-195.2946735034664,-195.27979845494482
0.914017521902378,-195.30517677592402,-195.28828236599085
0.9160200250312891,-195.31555237685438,-195.29676627703685
0.9180225281602002,-195.3258016809735,-195.30525018808285
0.9200250312891114,-195.33592605569984,-195.31373409912885
0.9220275344180225,-195.34592686071278,-195.32221801017488
0.9240300375469337,-195.35580544753992,-195.33070192122088
0.9260325406758448,-195.36556315917238,-195.33918583226688
0.928035043804756,-195.37520132970616,-195.34766974331288
0.9300375469336671,-195.38472128400943,-195.3561536543589
0.9320400500625783,-195.3941243374137,-195.3646375654049
0.9340425531914893,-195.40341179542867,-195.3731214764509
0.9360450563204005,-195.4125849534791,-195.3816053874969
0.9380475594493116,-195.42164509666304,-195.39008929854293
0.9400500625782228,-195.4305934995306,-195.39857320958893
0.9420525657071339,-195.43943142588193,-195.40705712063493
0.9440550688360451,-195.44816012858396,-195.41554103168093
0.9460575719649562,-195.45678084940477,-195.42402494272696
0.9480600750938674,-195.46529481886503,-195.43250885377296
0.9500625782227785,-195.47370325610535,-195.44099276481896
0.9520650813516897,-195.48200736876922,-195.44947667586496
0.9540675844806008,-195.4902083529005,-195.45796058691099
0.9560700876095118,-195.49830739285483,-195.46644449795699
0.958072590738423,-195.5063056612243,-195.47492840900298
0.9600750938673341,-195.51420431877483,-195.48341232004898
0.9620775969962453,-195.52200451439546,-195.491896231095
0.9640801001251564,-195.52970738505888,-195.500380142141
0.9660826032540676,-195.53731405579302,-195.508864053187
0.9680851063829787,-195.54482563966263,-195.517347964233
0.9700876095118899,-195.55224323776068,-195.52583187527904
0.972090112640801,-195.55956793920882,-195.53431578632504
0.9740926157697122,-195.56680082116668,-195.54279969737104
0.9760951188986233,-195.5739429488491,-195.55128360841704
0.9780976220275344,-195.58099537555134,-195.55976751946307
0.9801001251564455,-195.58795914268146,-195.56825143050906
0.9821026282853567,-195.5948352797995,-195.57673534155506
0.9841051314142678,-195.6016248046632,-195.58521925260106
0.986107634543179,-195.60832872327984,-195.59370316364706
0.9881101376720901,-195.61494802996353,-195.6021870746931
0.9901126408010013,-195.6214837073981,-195.6106709857391
0.9921151439299124,-195.62793672670477,-195.6191548967851
0.9941176470588236,-195.6343080475145,-195.6276388078311
0.9961201501877347,-195.6405986180449,-195.63612271887712
0.9981226533166458,-195.64680937518068,-195.64460662992312
1.0001251564455569,-195.65294124455843,-195.6528400084102
1.0021276595744681,-195.65899514065435,-195.65731539851348
1.0041301627033792,-195.66497196687556,-195.6617907886167
1.0061326658322904,-195.67087261565402,-195.66626617871998
1.0081351689612015,-195.67669796854344,-195.67074156882325
1.0101376720901127,-195.68244889631853,-195.6752169589265
1.0121401752190238,-195.6881262590764,-195.67969234902978
1.0141426783479348,-195.69373090634022,-195.68416773913304
1.016145181476846,-195.6992636771645,-195.6886431292363
1.018147684605757,-195.70472540024227,-195.69311851933955
1.0201501877346684,-195.71011689401337,-195.69759390944282
1.0221526908635794,-195.71543896677434,-195.70206929954608
1.0241551939924907,-195.7206924167894,-195.70654468964935
1.0261576971214017,-195.72587803240216,-195.71102007975261
1.028160200250313,-195.7309965921485,-195.71549546985588
1.030162703379224,-195.73604886486984,-195.71997085995915
1.032165206508135,-195.74103560982715,-195.72444625006239
1.0341677096370463,-195.74595757681527,-195.72892164016565
1.0361702127659576,-195.75081550627752,-195.73339703026892
1.0381727158948686,-195.75561012942066,-195.73787242037218
1.0401752190237796,-195.76034216832977,-195.74234781047545
1.0421777221526909,-195.76501233608315,-195.74682320057872
1.044180225281602,-195.76962133686703,-195.75129859068198
1.0461827284105132,-195.7741698660904,-195.75577398078522
1.0481852315394242,-195.77865861049904,-195.7602493708885
1.0501877346683355,-195.78308824828963,-195.76472476099175
1.0521902377972465,-195.78745944922312,-195.76920015109502
1.0541927409261578,-195.79177287473786,-195.7736755411983
1.0561952440550688,-195.79602917806181,-195.77815093130155
1.0581977471839799,-195.80022900432442,-195.78262632140482
1.0602002503128911,-195.80437299066762,-195.78710171150806
1.0622027534418021,-195.80846176635623,-195.79157710161132
1.0642052565707134,-195.81249595288733,-195.7960524917146
1.0662077596996244,-195.81647616409904,-195.80052788181786
1.0682102628285357,-195.82040300627816,-195.80500327192112
1.0702127659574467,-195.8242770782672,-195.8094786620244
1.072215269086358,-195.82809897157006,-195.81395405212766
1.074217772215269,-195.8318692704571,-195.8184294422309
1.07622027534418,-195.8355885520689,-195.82290483233416
1.0782227784730913,-195.83925738651908,-195.82738022243743
1.0802252816020026,-195.842876336996,-195.8318556125407
1.0822277847309136,-195.84644595986342,-195.83633100264396
1.0842302878598247,-195.84996680476007,-195.84080639274723
1.086232790988736,-195.85343941469787,-195.84528178285046
1.088235294117647,-195.8568643261593,-195.84975717295373
1.0902377972465582,-195.86024206919325,-195.854232563057
1.0922403003754693,-195.8635731675101,-195.85870795316026
1.0942428035043805,-195.86685813857522,-195.86318334326353
1.0962453066332916,-195.8700974937015,-195.8676587333668
1.0982478097622028,-195.87329173814067,-195.87213412347006
1.1002503128911139,-195.87644137117323,-195.87632608471213
1.102252816020025,-195.8795468861974,-195.87853404392584
1.1042553191489362,-195.8826087708167,-195.88074200313957
1.1062578222778472,-195.8856275069263,-195.8829499623533
1.1082603254067585,-195.88860357079838,-195.88515792156704
1.1102628285356695,-195.8915374331658,-195.88736588078078
1.1122653316645807,-195.89442955930514,-195.88957383999448
1.1142678347934918,-195.89728040911808,-195.89178179920822
1.116270337922403,-195.90009043721176,-195.89398975842195
1.118272841051314,-195.90286009297796,-195.8961977176357
1.1202753441802251,-195.9055898206709,-195.89840567684942
1.1222778473091364,-195.90828005948416,-195.90061363606313
1.1242803504380476,-195.91093124362607,-195.90282159527686
1.1262828535669587,-195.9135438023942,-195.9050295544906
1.1282853566958697,-195.9161181602485,-195.90723751370433
1.130287859824781,-195.91865473688338,-195.90944547291807
1.132290362953692,-195.9211539472987,-195.91165343213177
1.1342928660826033,-195.92361620186935,-195.9138613913455
1.1362953692115143,-195.92604190641407,-195.91606935055924
1.1382978723404256,-195.9284314622629,-195.91827730977298
1.1403003754693366,-195.93078526632357,-195.9204852689867
1.1423028785982479,-195.93310371114686,-195.92269322820044
1.144305381727159,-195.93538718499084,-195.92490118741415
1.14630788485607,-195.93763607188407,-195.92710914662788
1.1483103879849812,-195.93985075168763,-195.92931710584162
1.1503128911138925,-195.94203160015624,-195.93152506505535
1.1523153942428035,-195.9441789889983,-195.9337330242691
1.1543178973717145,-195.94629328593487,-195.9359409834828
1.1563204005006258,-195.94837485475773,-195.93814894269653
1.1583229036295368,-195.95042405538635,-195.94035690191026
1.160325406758448,-195.95244124392391,-195.942564861124
1.1623279098873591,-195.95442677271242,-195.94477282033773
1.1643304130162702,-195.9563809903868,-195.94698077955144
1.1663329161451814,-195.95830424192803,-195.94918873876517
1.1683354192740927,-195.96019686871543,-195.9513966979789
1.1703379224030037,-195.96205920857793,-195.95360465719264
1.1723404255319148,-195.9638915958446,-195.95581261640638
1.174342928660826,-195.96569436139404,-195.95802057562008
1.176345431789737,-195.96746783270322,-195.96022853483382
1.1783479349186483,-195.96921233389517,-195.96243649404755
1.1803504380475593,-195.97092818578588,-195.9646444532613
1.1823529411764706,-195.97261570593056,-195.96685241247502
1.1843554443053816,-195.9742752086689,-195.96906037168873
1.186357947434293,-195.9759070051694,-195.97126833090246
1.188360450563204,-195.9775114034733,-195.9734762901162
1.190362953692115,-195.97908870853732,-195.97568424932993
1.1923654568210262,-195.98063922227584,-195.97789220854366
1.1943679599499375,-195.98216324360226,-195.98010016775737
1.1963704630788485,-195.98366106846962,-195.9823081269711
1.1983729662077596,-195.98513298991057,-195.98451608618484
1.2003754693366708,-195.98657929807638,-195.98648082676883
1.2023779724655819,-195.98800028027554,-195.9873916199573
1.2043804755944931,-195.98939622101142,-195.98830241314576
1.2063829787234042,-195.99076740201943,-195.9892132063342
1.2083854818523152,-195.99211410230328,-195.99012399952267
1.2103879849812265,-195.99343659817077,-195.9910347927111
1.2123904881101377,-195.99473516326893,-195.99194558589957
1.2143929912390488,-195.9960100686183,-195.99285637908804
1.2163954943679598,-195.99726158264681,-195.99376717227648
1.218397997496871,-195.99848997122297,-195.99467796546494
1.220400500625782,-195.99969549768832,-195.9955887586534
1.2224030037546934,-196.0008784228895,-195.99649955184185
1.2244055068836044,-196.0020390052096,-195.99741034503032
1.2264080100125156,-196.0031775005988,-195.99832113821878
1.2284105131414267,-196.0042941626048,-195.99923193140722
1.230413016270338,-196.00538924240223,-196.0001427245957
1.232415519399249,-196.00646298882197,-196.00105351778416
1.23441802252816,-196.00751564837958,-196.0019643109726
1.2364205256570713,-196.00854746530334,-196.00287510416106
1.2384230287859825,-196.00955868156174,-196.00378589734953
1.2404255319148936,-196.0105495368905,-196.00469669053797
1.2424280350438046,-196.0115202688189,-196.00560748372644
1.2444305381727159,-196.01247111269603,-196.0065182769149
1.246433041301627,-196.01340230171598,-196.00742907010334
1.2484355444305382,-196.01431406694306,-196.0083398632918
1.2504380475594492,-196.01520663733618,-196.00925065648025
1.2524405506883602,-196.01608023977306,-196.01016144966871
1.2544430538172715,-196.0169350990737,-196.01107224285718
1.2564455569461828,-196.0177714380236,-196.01198303604562
1.2584480600750938,-196.01858947739663,-196.0128938292341
1.2604505632040048,-196.019389435977,-196.01380462242255
1.262453066332916,-196.02017153058142,-196.014715415611
1.2644555694618271,-196.02093597608044,-196.01562620879946
1.2664580725907384,-196.0216829854194,-196.01653700198793
1.2684605757196494,-196.02241276963923,-196.01744779517637
1.2704630788485607,-196.02312553789653,-196.01835858836483
1.2724655819774717,-196.02382149748354,-196.0192693815533
1.274468085106383,-196.02450085384754,-196.02018017474174
1.276470588235294,-196.02516381060994,-196.0210909679302
1.278473091364205,-196.025810569585,-196.02200176111867
1.2804755944931163,-196.02644133079826,-196.0229125543071
1.2824780976220276,-196.02705629250445,-196.02382334749558
1.2844806007509386,-196.0276556512052,-196.02473414068402
1.2864831038798497,-196.02823960166631,-196.02564493387248
1.288485607008761,-196.0288083369348,-196.02655572706095
1.290488110137672,-196.02936204835544,-196.0274665202494
1.2924906132665832,-196.02990092558719,-196.02837731343786
1.2944931163954942,-196.0304251566192,-196.02928810662632
1.2964956195244053,-196.03093492778635,-196.03019889981476
1.2984981226533165,-196.03143042378485,-196.03110969300323
1.3005006257822278,-196.03191182768717,-196.03184205007892
1.3025031289111388,-196.0323793209569,-196.03203909881634
1.3045056320400499,-196.0328330834632,-196.03223614755373
1.3065081351689611,-196.0332732934951,-196.03243319629115
1.3085106382978722,-196.03370012777543,-196.03263024502854
1.3105131414267834,-196.0341137614744,-196.03282729376596
1.3125156445556945,-196.03451436822306,-196.03302434250335
1.3145181476846057,-196.0349021201265,-196.03322139124077
1.3165206508135168,-196.03527718777664,-196.03341843997816
1.318523153942428,-196.03563974026497,-196.03361548871558
1.320525657071339,-196.03598994519476,-196.033812537453
1.32252816020025,-196.03632796869346,-196.0340095861904
1.3245306633291614,-196.0366539754244,-196.0342066349278
1.3265331664580726,-196.03696812859863,-196.0344036836652
1.3285356695869837,-196.0372705899862,-196.03460073240262
1.3305381727158947,-196.03756151992764,-196.03479778114
1.332540675844806,-196.03784107734472,-196.03499482987743
1.334543178973717,-196.0381094197515,-196.03519187861482
1.3365456821026283,-196.03836670326476,-196.03538892735224
1.3385481852315393,-196.0386130826145,-196.03558597608964
1.3405506883604503,-196.03884871115415,-196.03578302482705
1.3425531914893616,-196.03907374087046,-196.03598007356445
1.3445556946182728,-196.03928832239362,-196.03617712230186
1.3465581977471839,-196.03949260500653,-196.03637417103928
1.348560700876095,-196.03968673665455,-196.03657121977668
1.3505632040050062,-196.03987086395472,-196.0367682685141
1.3525657071339172,-196.04004513220485,-196.0369653172515
1.3545682102628285,-196.04020968539248,-196.0371623659889
1.3565707133917395,-196.04036466620377,-196.0373594147263
1.3585732165206508,-196.04051021603203,-196.03755646346372
1.3605757196495618,-196.04064647498632,-196.0377535122011
1.362578222778473,-196.04077358189966,-196.03795056093853
1.364580725907384,-196.0408916743374,-196.03814760967592
1.3665832290362951,-196.04100088860514,-196.03834465841334
1.3685857321652064,-196.04110135975674,-196.03854170715076
1.3705882352941177,-196.0411932216021,-196.03873875588815
1.3725907384230287,-196.0412766067148,-196.03893580462557
1.3745932415519397,-196.04135164643967,-196.03913285336296
1.376595744680851,-196.04141847090023,-196.03932990210038
1.378598247809762,-196.0414772090059,-196.03952695083777
1.3806007509386733,-196.04152798845936,-196.0397239995752
1.3826032540675843,-196.04157093576353,-196.03992104831258
1.3846057571964956,-196.04160617622858,-196.04011809705
1.3866082603254066,-196.0416338339788,-196.0403151457874
1.3886107634543179,-196.04165403195938,-196.0405121945248
1.390613266583229,-196.04166689194318,-196.0407092432622
1.39261576971214,-196.0416725345372,-196.04090629199962
1.3946182728410512,-196.04167107918929,-196.04110334073704
1.3966207759699623,-196.0416626441943,-196.04130038947443
1.3986232790988735,-196.0416473467007,-196.04149743821185
1.4006257822277846,-196.04162530271677,-196.0415867578528
1.4026282853566956,-196.0415966271167,-196.04143907348163
1.4046307884856069,-196.04156143364685,-196.04129138911043
1.406633291614518,-196.0415198349318,-196.04114370473926
1.4086357947434291,-196.04147194248029,-196.04099602036806
1.4106382978723402,-196.0414178666912,-196.04084833599688
1.4126408010012514,-196.04135771685944,-196.04070065162568
1.4146433041301627,-196.04129160118174,-196.0405529672545
1.4166458072590737,-196.04121962676254,-196.0404052828833
1.4186483103879848,-196.0411418996195,-196.04025759851214
1.420650813516896,-196.04105852468945,-196.04010991414094
1.4226533166458073,-196.04096960583377,-196.03996222976977
1.4246558197747183,-196.04087524584423,-196.03981454539857
1.4266583229036294,-196.04077554644837,-196.0396668610274
1.4286608260325404,-196.04067060831508,-196.0395191766562
1.4306633291614517,-196.04056053106012,-196.03937149228503
1.432665832290363,-196.04044541325158,-196.03922380791383
1.434668335419274,-196.0403253524152,-196.03907612354266
1.436670838548185,-196.04020044504003,-196.03892843917149
1.4386733416770963,-196.0400707865835,-196.03878075480029
1.4406758448060075,-196.03993647147703,-196.0386330704291
1.4426783479349186,-196.03979759313125,-196.0384853860579
1.4446808510638296,-196.03965424394136,-196.03833770168674
1.4466833541927406,-196.03950651529243,-196.03819001731554
1.448685857321652,-196.03935449756474,-196.03804233294437
1.4506883604505632,-196.03919828013906,-196.03789464857317
1.4526908635794742,-196.03903795140184,-196.037746964202
1.4546933667083852,-196.03887359875063,-196.0375992798308
1.4566958698372965,-196.03870530859922,-196.03745159545963
1.4586983729662077,-196.03853316638302,-196.03730391108843
1.4607008760951188,-196.03835725656415,-196.03715622671726
1.4627033792240298,-196.03817766263697,-196.03700854234606
1.464705882352941,-196.03799446713307,-196.0368608579749
1.4667083854818523,-196.03780775162673,-196.0367131736037
1.4687108886107634,-196.03761759674003,-196.03656548923252
1.4707133917396744,-196.03742408214828,-196.03641780486132
1.4727158948685855,-196.03722728658528,-196.03627012049014
1.4747183979974967,-196.03702728784845,-196.03612243611894
1.476720901126408,-196.03682416280435,-196.03597475174777
1.478723404255319,-196.03661798739387,-196.03582706737657
1.48072590738423,-196.03640883663755,-196.0356793830054
1.4827284105131413,-196.03619678464096,-196.0355316986342
1.4847309136420526,-196.03598190460005,-196.03538401426303
1.4867334167709636,-196.03576426880647,-196.03523632989183
1.4887359198998746,-196.035543948653,-196.03508864552066
1.4907384230287857,-196.03532101463884,-196.03494096114946
1.492740926157697,-196.03509553637522,-196.0347932767783
1.4947434292866082,-196.03486758259066,-196.0346455924071
1.4967459324155192,-196.03463722113645,-196.03449790803592
1.4987484355444303,-196.03440451899212,-196.03435022366472
1.5007509386733415,-196.034169542271,-196.0341573807036
1.5027534418022528,-196.03393235622562,-196.0338892734259
1.5047559449311638,-196.03369302525329,-196.0336211661482
1.5067584480600749,-196.03345161290162,-196.0333530588705
1.5087609511889861,-196.03320818187413,-196.0330849515928
1.5107634543178974,-196.03296279403577,-196.0328168443151
1.5127659574468084,-196.03271551041857,-196.03254873703742
1.5147684605757195,-196.0324663912273,-196.0322806297597
1.5167709637046305,-196.03221549584504,-196.032012522482
1.5187734668335418,-196.03196288283885,-196.03174441520432
1.520775969962453,-196.03170860996565,-196.03147630792662
1.522778473091364,-196.0314527341776,-196.0312082006489
1.524780976220275,-196.0311953116282,-196.0309400933712
1.5267834793491863,-196.03093639767772,-196.03067198609352
1.5287859824780976,-196.03067604689923,-196.03040387881583
1.5307884856070086,-196.03041431308426,-196.0301357715381
1.5327909887359197,-196.03015124924863,-196.02986766426042
1.534793491864831,-196.0298869076383,-196.02959955698273
1.536795994993742,-196.02962133973534,-196.02933144970504
1.5387984981226532,-196.02935459626357,-196.02906334242732
1.5408010012515643,-196.02908672719468,-196.02879523514963
1.5428035043804753,-196.028817781754,-196.02852712787194
1.5448060075093866,-196.02854780842648,-196.02825902059425
1.5468085106382978,-196.0282768549627,-196.02799091331653
1.5488110137672089,-196.02800496838475,-196.02772280603884
1.55081351689612,-196.02773219499227,-196.02745469876115
1.5528160200250312,-196.02745858036835,-196.02718659148346
1.5548185231539424,-196.0271841693857,-196.02691848420574
1.5568210262828535,-196.02690900621252,-196.02665037692805
1.5588235294117645,-196.02663313431867,-196.02638226965036
1.5608260325406755,-196.02635659648163,-196.02611416237266
1.5628285356695868,-196.02607943479262,-196.02584605509495
1.564831038798498,-196.02580169066266,-196.02557794781725
1.566833541927409,-196.0255234048286,-196.02530984053956
1.5688360450563201,-196.02524461735936,-196.02504173326187
1.5708385481852314,-196.02496536766185,-196.02477362598415
1.5728410513141426,-196.02468569448726,-196.02450551870646
1.5748435544430537,-196.02440563593706,-196.02423741142877
1.5768460575719647,-196.02412522946915,-196.02396930415108
1.578848560700876,-196.023844511904,-196.02370119687336
1.580851063829787,-196.02356351943084,-196.02343308959567
1.5828535669586983,-196.02328228761368,-196.02316498231798
1.5848560700876093,-196.02300085139754,-196.0228968750403
1.5868585732165204,-196.02271924511453,-196.02262876776257
1.5888610763454316,-196.0224375024901,-196.02236066048488
1.5908635794743429,-196.02215565664906,-196.0220925532072
1.592866082603254,-196.0218737401217,-196.0218244459295
1.594868585732165,-196.02159178485007,-196.02155633865178
1.5968710888610762,-196.02130982219398,-196.0212882313741
1.5988735919899875,-196.0210278829372,-196.0210201240964
1.6008760951188985,-196.02074599729352,-196.0207510073255
1.6028785982478095,-196.02046419491288,-196.02048059263475
1.6048811013767206,-196.02018250488752,-196.02021017794402
1.6068836045056318,-196.01990095575798,-196.01993976325332
1.608886107634543,-196.0196195755193,-196.0196693485626
1.6108886107634541,-196.019338391627,-196.01939893387186
1.6128911138923652,-196.01905743100318,-196.01912851918112
1.6148936170212764,-196.01877672004252,-196.0188581044904
1.6168961201501877,-196.01849628461846,-196.01858768979966
1.6188986232790987,-196.01821615008896,-196.01831727510893
1.6209011264080098,-196.01793634130271,-196.0180468604182
1.622903629536921,-196.0176568826051,-196.0177764457275
1.624906132665832,-196.01737779784406,-196.01750603103676
1.6269086357947433,-196.01709911037605,-196.01723561634603
1.6289111389236544,-196.01682084307208,-196.0169652016553
1.6309136420525654,-196.0165430183235,-196.01669478696456
1.6329161451814767,-196.0162656580479,-196.01642437227383
1.634918648310388,-196.015988783695,-196.0161539575831
1.636921151439299,-196.01571241625248,-196.01588354289237
1.63892365456821,-196.01543657625174,-196.01561312820166
1.6409261576971212,-196.01516128377366,-196.01534271351093
1.6429286608260325,-196.0148865584545,-196.0150722988202
1.6449311639549435,-196.0146124194914,-196.01480188412947
1.6469336670838546,-196.01433888564836,-196.01453146943874
1.6489361702127656,-196.01406597526153,-196.014261054748
1.6509386733416769,-196.0137937062452,-196.01399064005727
1.6529411764705881,-196.01352209609723,-196.01372022536654
1.6549436795994992,-196.0132511619046,-196.01344981067584
1.6569461827284102,-196.0129809203491,-196.0131793959851
1.6589486858573215,-196.01271138771256,-196.01290898129437
1.6609511889862327,-196.01244257988265,-196.01263856660364
1.6629536921151438,-196.0121745123581,-196.0123681519129
1.6649561952440548,-196.01190720025406,-196.01209773722218
1.666958698372966,-196.0116406583077,-196.01182732253145
1.6689612015018773,-196.0113749008833,-196.01155690784074
1.6709637046307884,-196.01110994197768,-196.01128649315
1.6729662077596994,-196.0108457952253,-196.01101607845928
1.6749687108886104,-196.01058247390367,-196.01074566376855
1.6769712140175217,-196.01031999093837,-196.0104752490778
1.678973717146433,-196.0100583589082,-196.01020483438708
1.680976220275344,-196.00979759005037,-196.00993441969635
1.682978723404255,-196.0095376962654,-196.00966400500562
1.6849812265331663,-196.00927868912228,-196.00939359031491
1.6869837296620775,-196.0090205798633,-196.00912317562418
1.6889862327909886,-196.00876337940903,-196.00885276093345
1.6909887359198996,-196.00850709836328,-196.00858234624272
1.6929912390488107,-196.0082517470178,-196.008311931552
1.694993742177722,-196.0079973353572,-196.00804151686125
1.6969962453066332,-196.0077438730636,-196.00777110217052
1.6989987484355442,-196.00749136952135,-196.0075006874798
1.7010012515644553,-196.00723983382187,-196.00725304648122
1.7030037546933665,-196.00698927476796,-196.00702817917477
1.7050062578222778,-196.00673970087868,-196.0068033118683
1.7070087609511888,-196.0064911203937,-196.00657844456185
1.7090112640800998,-196.0062435412778,-196.00635357725542
1.711013767209011,-196.0059969712254,-196.00612870994897
1.7130162703379224,-196.00575141766487,-196.0059038426425
1.7150187734668334,-196.00550688776295,-196.00567897533608
1.7170212765957444,-196.005263388429,-196.00545410802962
1.7190237797246555,-196.0050209263193,-196.00522924072317
1.7210262828535667,-196.00477950784125,-196.0050043734167
1.723028785982478,-196.00453913915754,-196.00477950611028
1.725031289111389,-196.00429982619028,-196.00455463880382
1.7270337922403,-196.0040615746251,-196.00432977149737
1.7290362953692113,-196.00382438991514,-196.0041049041909
1.7310387984981226,-196.0035882772851,-196.00388003688448
1.7330413016270336,-196.0033532417352,-196.00365516957802
1.7350438047559447,-196.0031192880449,-196.00343030227157
1.7370463078848557,-196.0028864207771,-196.00320543496514
1.739048811013767,-196.0026546442815,-196.00298056765868
1.7410513141426782,-196.0024239626989,-196.00275570035222
1.7430538172715893,-196.00219437996446,-196.00253083304577
1.7450563204005003,-196.0019658998116,-196.00230596573934
1.7470588235294116,-196.00173852577564,-196.00208109843288
1.7490613266583228,-196.00151226119735,-196.00185623112642
1.7510638297872338,-196.0012871092265,-196.00163136381997
1.7530663329161449,-196.00106307282536,-196.00140649651354
1.7550688360450561,-196.00084015477225,-196.00118162920708
1.7570713391739674,-196.00061835766482,-196.00095676190062
1.7590738423028784,-196.00039768392358,-196.0007318945942
1.7610763454317895,-196.00017813579512,-196.00050702728774
1.7630788485607005,-195.99995971535546,-196.00028215998128
1.7650813516896118,-195.99974242451339,-196.00005729267482
1.767083854818523,-195.99952626501346,-195.9998324253684
1.769086357947434,-195.99931123843942,-195.99960755806194
1.7710888610763451,-195.99909734621718,-195.99938269075548
1.7730913642052564,-195.99888458961797,-195.99915782344905
1.7750938673341676,-195.99867296976143,-195.9989329561426
1.7770963704630787,-195.9984624876185,-195.99870808883614
1.7790988735919897,-195.99825314401457,-195.99848322152968
1.7811013767209007,-195.9980449396323,-195.99825835422325
1.783103879849812,-195.9978378750146,-195.9980334869168
1.7851063829787233,-195.9976319505674,-195.99780861961034
1.7871088861076343,-195.99742716656263,-195.99758375230388
1.7891113892365453,-195.99722352314083,-195.99735888499745
1.7911138923654566,-195.99702102031404,-195.997134017691
1.7931163954943679,-195.99681965796847,-195.99690915038454
1.795118898623279,-195.9966194358672,-195.9966842830781
1.79712140175219,-195.9964203536528,-195.99645941577165
1.7991239048811012,-195.99622241085004,-195.9962345484652
1.8011264080100124,-195.9960256068683,-195.99604099434686
1.8031289111389235,-195.99582994100427,-195.99587179493037
1.8051314142678345,-195.9956354124444,-195.9957025955139
1.8071339173967456,-195.99544202026732,-195.99553339609741
1.8091364205256568,-195.99524976344648,-195.99536419668092
1.811138923654568,-195.9950586408523,-195.99519499726446
1.8131414267834791,-195.99486865125476,-195.99502579784797
1.8151439299123902,-195.99467979332562,-195.99485659843148
1.8171464330413014,-195.99449206564083,-195.99468739901502
1.8191489361702127,-195.99430546668276,-195.99451819959853
1.8211514392991237,-195.99411999484244,-195.99434900018204
1.8231539424280347,-195.9939356484218,-195.99417980076558
1.8251564455569458,-195.99375242563593,-195.9940106013491
1.827158948685857,-195.99357032461515,-195.9938414019326
1.8291614518147683,-195.99338934340713,-195.99367220251614
1.8311639549436793,-195.9932094799791,-195.99350300309965
1.8331664580725904,-195.9930307322198,-195.99333380368316
1.8351689612015016,-195.9928530979416,-195.9931646042667
1.837171464330413,-195.99267657488252,-195.9929954048502
1.839173967459324,-195.99250116070814,-195.99282620543372
1.841176470588235,-195.99232685301362,-195.99265700601725
1.8431789737171462,-195.99215364932564,-195.99248780660076
1.8451814768460575,-195.9919815471042,-195.99231860718427
1.8471839799749685,-195.99181054374458,-195.9921494077678
1.8491864831038796,-195.9916406365792,-195.99198020835132
1.8511889862327906,-195.99147182287936,-195.99181100893483
1.8531914893617019,-195.99130409985705,-195.99164180951834
1.8551939924906131,-195.9911374646667,-195.99147261010188
1.8571964956195242,-195.990971914407,-195.9913034106854
1.8591989987484352,-195.99080744612246,-195.9911342112689
1.8612015018773465,-195.99064405680514,-195.99096501185244
1.8632040050062577,-195.99048174339637,-195.99079581243595
1.8652065081351688,-195.99032050278828,-195.99062661301946
1.8672090112640798,-195.99016033182542,-195.990457413603
1.869211514392991,-195.9900012273063,-195.9902882141865
1.871214017521902,-195.98984318598502,-195.99011901477002
1.8732165206508133,-195.98968620457265,-195.98994981535355
1.8752190237797244,-195.9895302797388,-195.98978061593706
1.8772215269086354,-195.98937540811306,-195.98961141652057
1.8792240300375467,-195.98922158628642,-195.9894422171041
1.881226533166458,-195.98906881081265,-195.98927301768762
1.883229036295369,-195.98891707820965,-195.98910381827113
1.88523153942428,-195.98876638496097,-195.98893461885467
1.8872340425531913,-195.9886167275168,-195.98876541943818
1.8892365456821025,-195.98846810229563,-195.9885962200217
1.8912390488110136,-195.98832050568518,-195.98842702060523
1.8932415519399246,-195.9881739340439,-195.98825782118874
1.8952440550688356,-195.98802838370204,-195.98808862177225
1.897246558197747,-195.98788385096276,-195.9879194223558
1.8992490613266582,-195.98774033210344,-195.9877502229393
1.9012515644555692,-195.98759782337672,-195.98761234066038
1.9032540675844802,-195.98745632101156,-195.987493248664
1.9052565707133913,-195.9873158212144,-195.9873741566676
1.9072590738423028,-195.98717632017005,-195.98725506467125
1.9092615769712138,-195.98703781404288,-195.98713597267488
1.9112640801001248,-195.98690029897762,-195.98701688067848
1.9132665832290359,-195.9867637711004,-195.9868977886821
1.9152690863579473,-195.98662822651974,-195.98677869668575
1.9172715894868584,-195.98649366132724,-195.98665960468935
1.9192740926157694,-195.98636007159865,-195.98654051269298
1.9212765957446805,-195.98622745339455,-195.9864214206966
1.923279098873592,-195.98609580276124,-195.98630232870022
1.925281602002503,-195.98596511573152,-195.98618323670385
1.927284105131414,-195.98583538832534,-195.98606414470746
1.929286608260325,-195.98570661655066,-195.9859450527111
1.931289111389236,-195.985578796404,-195.98582596071472
1.9332916145181476,-195.98545192387118,-195.98570686871832
1.9352941176470586,-195.9853259949279,-195.98558777672196
1.9372966207759696,-195.98520100554038,-195.98546868472556
1.9392991239048807,-195.9850769516659,-195.9853495927292
1.9413016270337922,-195.98495382925333,-195.98523050073283
1.9433041301627032,-195.98483163424368,-195.98511140873643
1.9453066332916142,-195.98471036257058,-195.98499231674006
1.9473091364205253,-195.98459001016067,-195.9848732247437
1.9493116395494363,-195.98447057293413,-195.9847541327473
1.9513141426783478,-195.98435204680493,-195.98463504075093
1.9533166458072588,-195.98423442768132,-195.98451594875453
1.9553191489361699,-195.98411771146618,-195.98439685675817
1.957321652065081,-195.9840018940572,-195.9842777647618
1.9593241551939924,-195.9838869713473,-195.9841586727654
1.9613266583229034,-195.98377293922476,-195.98403958076904
1.9633291614518145,-195.98365979357365,-195.98392048877267
1.9653316645807255,-195.98354753027374,-195.98380139677627
1.967334167709637,-195.98343614520098,-195.9836823047799
1.969336670838548,-195.9833256342274,-195.98356321278354
1.971339173967459,-195.98321599322142,-195.98344412078714
1.97334167709637,-195.98310721804782,-195.98332502879077
1.9753441802252811,-195.98299930456787,-195.98320593679438
1.9773466833541926,-195.9828922486394,-195.983086844798
1.9793491864831037,-195.9827860461168,-195.98296775280164
1.9813516896120147,-195.98268069285103,-195.98284866080525
1.9833541927409257,-195.9825761846896,-195.98272956880888
1.9853566958698372,-195.98247251747654,-195.9826104768125
1.9873591989987482,-195.9823696870523,-195.98249138481611
1.9893617021276593,-195.9822676892538,-195.98237229281975
1.9913642052565703,-195.98216651991413,-195.98225320082335
1.9933667083854814,-195.98206617486258,-195.98213410882698
1.9953692115143928,-195.98196664992454,-195.98201501683062
1.9973717146433039,-195.98186794092118,-195.98189592483422
1.999374217772215,-195.9817700436694,-195.98177683283785
2.001376720901126,-195.98167295398173,-195.98168538132404
2.0033792240300374,-195.9815766676659,-195.98160649366594
2.0053817271589485,-195.9814811805249,-195.98152760600786
2.0073842302878595,-195.98138648835652,-195.98144871834975
2.0093867334167705,-195.98129258695334,-195.98136983069168
2.011389236545682,-195.98119947210236,-195.98129094303357
2.013391739674593,-195.9811071395848,-195.98121205537547
2.015394242803504,-195.98101558517575,-195.9811331677174
2.017396745932415,-195.98092480464413,-195.98105428005928
2.019399249061326,-195.98083479375225,-195.9809753924012
2.0214017521902377,-195.9807455482556,-195.9808965047431
2.0234042553191487,-195.9806570639026,-195.980817617085
2.0254067584480597,-195.9805693364343,-195.98073872942692
2.0274092615769708,-195.98048236158422,-195.9806598417688
2.0294117647058822,-195.9803961350779,-195.98058095411074
2.0314142678347933,-195.98031065263288,-195.98050206645263
2.0334167709637043,-195.98022590995825,-195.98042317879455
2.0354192740926154,-195.98014190275455,-195.98034429113645
2.0374217772215264,-195.98005862671351,-195.98026540347834
2.039424280350438,-195.97997607751776,-195.98018651582026
2.041426783479349,-195.97989425084074,-195.98010762816216
2.04342928660826,-195.97981314234636,-195.98002874050408
2.045431789737171,-195.97973274768904,-195.97994985284598
2.0474342928660825,-195.97965306251328,-195.97987096518787
2.0494367959949935,-195.9795740824538,-195.9797920775298
2.0514392991239045,-195.97949580313522,-195.9797131898717
2.0534418022528156,-195.97941822017205,-195.9796343022136
2.055444305381727,-195.97934132916865,-195.9795554145555
2.057446808510638,-195.97926512571908,-195.9794765268974
2.059449311639549,-195.9791896054072,-195.97939763923932
2.06145181476846,-195.97911476380665,-195.97931875158122
2.063454317897371,-195.97904059648087,-195.97923986392314
2.0654568210262827,-195.97896709898316,-195.97916097626504
2.0674593241551937,-195.97889426685688,-195.97908208860693
2.0694618272841048,-195.97882209563554,-195.97900320094885
2.071464330413016,-195.97875058084293,-195.97892431329075
2.0734668335419273,-195.9786797179935,-195.97884542563267
2.0754693366708383,-195.9786095025925,-195.97876653797456
2.0774718397997494,-195.97853993013635,-195.97868765031646
2.0794743429286604,-195.97847099611295,-195.97860876265838
2.0814768460575714,-195.9784026960021,-195.97852987500028
2.083479349186483,-195.978335025276,-195.9784509873422
2.085481852315394,-195.9782679793997,-195.9783720996841
2.087484355444305,-195.97820155383158,-195.978293212026
2.089486858573216,-195.97813574402403,-195.9782143243679
2.0914893617021275,-195.9780705454241,-195.9781354367098
2.0934918648310386,-195.97800595347414,-195.97805654905173
2.0954943679599496,-195.9779419636126,-195.97797766139362
2.0974968710888606,-195.9778785712748,-195.97789877373552
2.099499374217772,-195.97781577189386,-195.97781988607744
2.101501877346683,-195.97775356090148,-195.97776302529138
2.103504380475594,-195.9776919337291,-195.977713506796
2.105506883604505,-195.9776308858087,-195.9776639883006
2.1075093867334163,-195.9775704125742,-195.97761446980522
2.1095118898623277,-195.9775105094623,-195.97756495130983
2.1115143929912388,-195.97745117191377,-195.97751543281447
2.11351689612015,-195.9773923953749,-195.97746591431908
2.115519399249061,-195.97733417529852,-195.9774163958237
2.1175219023779723,-195.9772765071456,-195.9773668773283
2.1195244055068834,-195.9772193863866,-195.97731735883292
2.1215269086357944,-195.97716280850292,-195.97726784033753
2.1235294117647054,-195.97710676898856,-195.97721832184214
2.125531914893617,-195.97705126335154,-195.97716880334679
2.127534418022528,-195.97699628711575,-195.9771192848514
2.129536921151439,-195.97694183582254,-195.977069766356
2.13153942428035,-195.9768879050324,-195.97702024786062
2.133541927409261,-195.976834490327,-195.97697072936523
2.1355444305381726,-195.97678158731082,-195.97692121086985
2.1375469336670836,-195.9767291916131,-195.97687169237446
2.1395494367959946,-195.9766772988898,-195.9768221738791
2.1415519399249057,-195.97662590482565,-195.9767726553837
2.143554443053817,-195.97657500513603,-195.97672313688832
2.145556946182728,-195.9765245955691,-195.97667361839294
2.1475594493116392,-195.97647467190782,-195.97662409989755
2.1495619524405503,-195.97642522997225,-195.97657458140216
2.1515644555694613,-195.9763762656214,-195.97652506290677
2.153566958698373,-195.97632777475562,-195.97647554441141
2.155569461827284,-195.97627975331864,-195.97642602591603
2.157571964956195,-195.97623219729982,-195.97637650742064
2.159574468085106,-195.97618510273634,-195.97632698892525
2.1615769712140174,-195.97613846571542,-195.97627747042986
2.1635794743429284,-195.97609228237644,-195.97622795193448
2.1655819774718394,-195.9760465489132,-195.9761784334391
2.1675844806007505,-195.97600126157604,-195.97612891494373
2.169586983729662,-195.9759564166741,-195.97607939644834
2.171589486858573,-195.9759120105774,-195.97602987795295
2.173591989987484,-195.97586803971888,-195.97598035945757
2.175594493116395,-195.9758245005965,-195.97593084096218
2.177596996245306,-195.97578138977542,-195.9758813224668
2.1795994993742176,-195.97573870388968,-195.9758318039714
2.1816020025031286,-195.97569643964442,-195.97578228547604
2.1836045056320397,-195.97565459381747,-195.97573276698066
2.1856070087609507,-195.9756131632613,-195.97568324848527
2.187609511889862,-195.97557214490462,-195.97563372998988
2.1896120150187732,-195.97553153575402,-195.9755842114945
2.1916145181476843,-195.97549133289542,-195.9755346929991
2.1936170212765953,-195.9754515334956,-195.97548517450372
2.1956195244055063,-195.97541213480324,-195.97543565600836
2.197622027534418,-195.97537313415032,-195.97538613751297
2.199624530663329,-195.97533452895294,-195.97533661901758
2.20162703379224,-195.9752963167124,-195.97530362893784
2.203629536921151,-195.97525849501557,-195.9752744531079
2.2056320400500624,-195.97522106153588,-195.97524527727793
2.2076345431789735,-195.97518401403332,-195.97521610144796
2.2096370463078845,-195.9751473503548,-195.975186925618
2.2116395494367955,-195.97511106843413,-195.97515774978805
2.213642052565707,-195.9750751662918,-195.97512857395807
2.215644555694618,-195.97503964203446,-195.97509939812812
2.217647058823529,-195.9750044938544,-195.97507022229814
2.21964956195244,-195.97496972002858,-195.9750410464682
2.221652065081351,-195.97493531891737,-195.97501187063824
2.2236545682102626,-195.97490128896337,-195.97498269480826
2.2256570713391737,-195.97486762868948,-195.9749535189783
2.2276595744680847,-195.9748343366971,-195.97492434314836
2.2296620775969958,-195.97480141166386,-195.97489516731838
2.2316645807259072,-195.97476885234093,-195.97486599148843
2.2336670838548183,-195.97473665755027,-195.97483681565845
2.2356695869837293,-195.97470482618132,-195.9748076398285
2.2376720901126403,-195.9746733571876,-195.97477846399855
2.2396745932415514,-195.97464224958273,-195.97474928816857
2.241677096370463,-195.97461150243618,-195.97472011233862
2.243679599499374,-195.97458111486867,-195.97469093650867
2.245682102628285,-195.9745510860473,-195.97466176067869
2.247684605757196,-195.97452141518008,-195.97463258484873
2.2496871088861075,-195.97449210151024,-195.97460340901875
2.2516896120150185,-195.97446314431005,-195.9745742331888
2.2536921151439295,-195.9744345428744,-195.97454505735885
2.2556946182728406,-195.97440629651368,-195.97451588152887
2.257697121401752,-195.97437840454648,-195.97448670569892
2.259699624530663,-195.97435086629196,-195.97445752986897
2.261702127659574,-195.97432368106135,-195.974428354039
2.263704630788485,-195.9742968481496,-195.97439917820904
2.265707133917396,-195.97427036682615,-195.97437000237906
2.2677096370463077,-195.9742442363255,-195.9743408265491
2.2697121401752187,-195.97421845583725,-195.97431165071916
2.2717146433041298,-195.97419302449586,-195.97428247488918
2.273717146433041,-195.97416794136984,-195.97425329905923
2.2757196495619523,-195.97414320545047,-195.97422412322928
2.2777221526908633,-195.97411881564034,-195.9741949473993
2.2797246558197743,-195.97409477074126,-195.97416577156935
2.2817271589486854,-195.97407106944186,-195.9741365957394
2.2837296620775964,-195.97404771030492,-195.97410741990942
2.285732165206508,-195.97402469175398,-195.97407824407946
2.287734668335419,-195.97400201206005,-195.97404906824949
2.28973717146433,-195.97397966932766,-195.97401989241953
2.291739674593241,-195.97395766148063,-195.97399071658958
2.2937421777221525,-195.97393598624768,-195.9739615407596
2.2957446808510635,-195.9739146411476,-195.97393236492965
2.2977471839799746,-195.97389362347423,-195.9739031890997
2.2997496871088856,-195.9738729302814,-195.97387401326972
2.301752190237797,-195.9738525583673,-195.97385642536673
2.303754693366708,-195.9738325042591,-195.9738404928819
2.305757196495619,-195.97381276419716,-195.97382456039705
2.30775969962453,-195.9737933341194,-195.9738086279122
2.3097622027534412,-195.97377420964548,-195.97379269542736
2.3117647058823527,-195.97375538606113,-195.97377676294252
2.3137672090112638,-195.9737368583025,-195.97376083045768
2.315769712140175,-195.97371862094064,-195.97374489797284
2.317772215269086,-195.97370066816632,-195.973728965488
2.3197747183979973,-195.97368299377493,-195.97371303300315
2.3217772215269084,-195.97366559115193,-195.9736971005183
2.3237797246558194,-195.9736484532585,-195.97368116803347
2.3257822277847304,-195.97363157261802,-195.97366523554862
2.3277847309136415,-195.9736149413028,-195.97364930306378
2.329787234042553,-195.9735985509218,-195.97363337057894
2.331789737171464,-195.97358239260885,-195.9736174380941
2.333792240300375,-195.9735664570122,-195.97360150560925
2.335794743429286,-195.9735507342847,-195.9735855731244
2.3377972465581975,-195.97353521407516,-195.97356964063957
2.3397997496871086,-195.9735198855213,-195.97355370815472
2.3418022528160196,-195.9735047372438,-195.97353777566988
2.3438047559449307,-195.97348975734187,-195.97352184318504
2.345807259073842,-195.97347493339086,-195.9735059107002
2.347809762202753,-195.97346025244138,-195.97348997821535
2.349812265331664,-195.97344570102058,-195.9734740457305
2.3518147684605752,-195.97343126513567,-195.97345811324567
2.3538172715894863,-195.97341693027994,-195.97344218076083
2.3558197747183978,-195.97340268144103,-195.97342624827598
2.357822277847309,-195.97338850311237,-195.97341031579114
2.35982478097622,-195.97337437930753,-195.9733943833063
2.361827284105131,-195.97336029357774,-195.97337845082146
2.3638297872340424,-195.97334622903293,-195.97336251833661
2.3658322903629534,-195.97333216836668,-195.97334658585177
2.3678347934918644,-195.97331809388493,-195.97333065336693
2.3698372966207755,-195.97330398753925,-195.9733147208821
2.3718397997496865,-195.9732898309645,-195.97329878839724
2.373842302878598,-195.97327560552137,-195.9732828559124
2.375844806007509,-195.9732612923444,-195.97326692342756
2.37784730913642,-195.97324687239526,-195.97325099094272
2.379849812265331,-195.9732323265221,-195.97323505845787
2.3818523153942426,-195.97321763552497,-195.97321912597303
2.3838548185231536,-195.97320278022826,-195.9732031934882
2.3858573216520647,-195.97318774155974,-195.97318726100335
2.3878598247809757,-195.9731725006375,-195.9731713285185
2.389862327909887,-195.97315703886443,-195.97315539603366
2.391864831038798,-195.97314133803127,-195.97313946354882
2.3938673341677092,-195.97312538042857,-195.97312353106398
2.3958698372966203,-195.97310914896767,-195.97310759857913
2.3978723404255313,-195.97309262731184,-195.9730916660943
2.399874843554443,-195.9730758000177,-195.97307573360945
2.401877346683354,-195.9730586526875,-195.97306736608365
2.403879849812265,-195.973041172133,-195.97305950288845
2.405882352941176,-195.97302334655154,-195.97305163969327
2.4078848560700874,-195.97300516571474,-195.97304377649806
2.4098873591989984,-195.97298662117075,-195.97303591330288
2.4118898623279095,-195.9729677064605,-195.97302805010767
2.4138923654568205,-195.97294841734882,-195.9730201869125
2.4158948685857315,-195.97292875207103,-195.9730123237173
2.417897371714643,-195.97290871159606,-195.9730044605221
2.419899874843554,-195.97288829990626,-195.97299659732693
2.421902377972465,-195.97286752429568,-195.97298873413172
2.423904881101376,-195.9728463956866,-195.97298087093654
2.4259073842302876,-195.9728249289662,-195.97297300774133
2.4279098873591987,-195.9728031433435,-195.97296514454615
2.4299123904881097,-195.97278106272802,-195.97295728135094
2.4319148936170207,-195.97275871613095,-195.97294941815576
2.433917396745932,-195.9727361380899,-195.97294155496058
2.4359198998748433,-195.9727133691183,-195.97293369176538
2.4379224030037543,-195.97269045618046,-195.9729258285702
2.4399249061326653,-195.9726674531937,-195.972917965375
2.4419274092615764,-195.97264442155844,-195.9729101021798
2.443929912390488,-195.97262143071754,-195.9729022389846
2.445932415519399,-195.97259855874634,-195.97289437578942
2.44793491864831,-195.97257589297453,-195.97288651259421
2.449937421777221,-195.97255353064128,-195.97287864939904
2.4519399249061324,-195.97253157958497,-195.97287078620386
2.4539424280350435,-195.97251015896921,-195.97286292300865
2.4559449311639545,-195.97248940004624,-195.97285505981347
2.4579474342928656,-195.97246944695974,-195.97284719661826
2.459949937421777,-195.97245045758825,-195.97283933342308
2.461952440550688,-195.9724326044312,-195.97283147022787
2.463954943679599,-195.97241607553892,-195.9728236070327
2.46595744680851,-195.97240107548896,-195.97281574383751
2.467959949937421,-195.97238782640972,-195.9728078806423
2.4699624530663327,-195.9723765690542,-195.97280001744713
2.4719649561952437,-195.97236756392513,-195.97279215425192
2.4739674593241547,-195.97236109245392,-195.97278429105674
2.4759699624530658,-195.9723574582353,-195.97277642786153
2.4779724655819773,-195.97235698831992,-195.97276856466635
2.4799749687108883,-195.97236003456695,-195.97276070147115
2.4819774718397993,-195.97236697505937,-195.97275283827597
2.4839799749687104,-195.97237821558392,-195.9727449750808
2.4859824780976214,-195.9723941911782,-195.97273711188558
2.487984981226533,-195.97241536774777,-195.9727292486904
2.489987484355444,-195.97244224375538,-195.9727213854952
2.491989987484355,-195.9724753519854,-195.9727135223
2.493992490613266,-195.9725152613861,-195.9727056591048
2.4959949937421775,-195.9725625789923,-195.97269779590962
2.4979974968710885,-195.97261795193202,-195.97268993271442
2.4999999999999996,-195.97268206951944,-195.97268206951924
