distance,spline,linear
0.9,-147.1711322620995,-147.1711322620995
0.9020025031289112,-147.17911192316615,-147.1759903935767
0.9040050062578223,-147.18701738360915,-147.1808485250539
0.9060075093867335,-147.1948489824231,-147.18570665653112
0.9080100125156446,-147.2026070586025,-147.19056478800832
0.9100125156445558,-147.21029195114184,-147.19542291948554
0.9120150187734669,-147.21790399903568,-147.20028105096273
0.914017521902378,-147.2254435412785,-147.20513918243995
0.9160200250312891,-147.2329109168649,-147.20999731391714
0.9180225281602002,-147.2403064647894,-147.21485544539436
0.9200250312891114,-147.24763052404643,-147.21971357687156
0.9220275344180225,-147.2548834336306,-147.22457170834878
0.9240300375469337,-147.26206553253638,-147.22942983982597
0.9260325406758448,-147.26917715975839,-147.2342879713032
0.928035043804756,-147.27621865429106,-147.2391461027804
0.9300375469336671,-147.28319035512894,-147.2440042342576
0.9320400500625783,-147.29009260126656,-147.24886236573482
0.9340425531914894,-147.29692573169848,-147.25372049721202
0.9360450563204006,-147.30369008541916,-147.25857862868924
0.9380475594493116,-147.3103860014232,-147.26343676016643
0.9400500625782228,-147.31701381870505,-147.26829489164365
0.9420525657071339,-147.3235738762593,-147.27315302312084
0.9440550688360451,-147.33006651308045,-147.27801115459806
0.9460575719649562,-147.33649206816298,-147.28286928607525
0.9480600750938674,-147.34285088050152,-147.28772741755247
0.9500625782227785,-147.34914328909045,-147.29258554902967
0.9520650813516897,-147.35536963292446,-147.2974436805069
0.9540675844806008,-147.36153025099796,-147.3023018119841
0.956070087609512,-147.36762548230547,-147.3071599434613
0.9580725907384231,-147.3736556658416,-147.31201807493852
0.9600750938673343,-147.37962114060082,-147.3168762064157
0.9620775969962454,-147.38552224557765,-147.32173433789293
0.9640801001251564,-147.39135931976668,-147.32659246937013
0.9660826032540676,-147.39713270216234,-147.33145060084735
0.9680851063829787,-147.40284273175922,-147.33630873232454
0.9700876095118899,-147.4084897475518,-147.34116686380176
0.972090112640801,-147.41407408853468,-147.34602499527895
0.9740926157697122,-147.4195960937023,-147.35088312675617
0.9760951188986233,-147.42505610204924,-147.35574125823337
0.9780976220275345,-147.43045445257,-147.3605993897106
0.9801001251564456,-147.4357914842591,-147.3654575211878
0.9821026282853568,-147.4410675361111,-147.370315652665
0.9841051314142679,-147.44628294712052,-147.37517378414222
0.9861076345431791,-147.4514380562819,-147.3800319156194
0.9881101376720902,-147.45653320258964,-147.38489004709663
0.9901126408010013,-147.46156872503843,-147.38974817857383
0.9921151439299124,-147.4665449626227,-147.39460631005105
0.9941176470588236,-147.47146225433704,-147.39946444152824
0.9961201501877347,-147.47632093917588,-147.40432257300546
0.9981226533166458,-147.48112135613383,-147.40918070448265
1.000125156445557,-147.48586384420537,-147.41403883595987
1.0021276595744681,-147.49054874238507,-147.41889696743706
1.0041301627033792,-147.49517638966742,-147.42375509891428
1.0061326658322904,-147.49974712504698,-147.4286132303915
1.0081351689612015,-147.5042612875182,-147.4334713618687
1.0101376720901127,-147.5087192160757,-147.43832949334592
1.0121401752190238,-147.51312124971395,-147.4431876248231
1.014142678347935,-147.5174677274275,-147.44804575630033
1.016145181476846,-147.5217589882108,-147.45290388777752
1.0181476846057573,-147.52599537105849,-147.45776201925474
1.0201501877346684,-147.53017721496502,-147.46262015073194
1.0221526908635796,-147.53430485892497,-147.46747828220916
1.0241551939924907,-147.5383786419328,-147.47233641368635
1.026157697121402,-147.5423989029831,-147.47719454516357
1.028160200250313,-147.54636598107032,-147.48205267664076
1.030162703379224,-147.5502802151891,-147.48691080811798
1.0321652065081353,-147.55414194433385,-147.4917689395952
1.0341677096370463,-147.55795150749913,-147.4966270710724
1.0361702127659576,-147.56170924367953,-147.50148520254962
1.0381727158948686,-147.56541549186943,-147.5063433340268
1.0401752190237799,-147.5690705910635,-147.51120146550403
1.0421777221526909,-147.57267488025622,-147.51605959698122
1.0441802252816021,-147.57622869844212,-147.52091772845844
1.0461827284105132,-147.57973238461568,-147.52577585993564
1.0481852315394244,-147.58318627777146,-147.53063399141286
1.0501877346683355,-147.586590716904,-147.53549212289005
1.0521902377972467,-147.5899460410078,-147.54035025436727
1.0541927409261578,-147.5932525890774,-147.54520838584446
1.0561952440550688,-147.59651070010733,-147.55006651732168
1.05819774718398,-147.59972071309207,-147.5549246487989
1.0602002503128911,-147.60288296702623,-147.5597827802761
1.0622027534418024,-147.60599780090425,-147.56464091175332
1.0642052565707134,-147.6090655537207,-147.5694990432305
1.0662077596996247,-147.61208656447008,-147.57435717470773
1.0682102628285357,-147.61506117214697,-147.57921530618492
1.070212765957447,-147.61798971574584,-147.58407343766214
1.072215269086358,-147.62087253426122,-147.58893156913933
1.0742177722152693,-147.6237099666877,-147.59378970061655
1.0762202753441803,-147.6265023520197,-147.59864783209375
1.0782227784730916,-147.62925002925184,-147.60350596357097
1.0802252816020026,-147.63195333737858,-147.60836409504816
1.0822277847309136,-147.63461261539447,-147.61322222652538
1.084230287859825,-147.63722820229404,-147.6180803580026
1.086232790988736,-147.6398004370718,-147.6229384894798
1.0882352941176472,-147.6423296587223,-147.627796620957
1.0902377972465582,-147.64481620624005,-147.6326547524342
1.0922403003754695,-147.6472604186196,-147.63751288391143
1.0942428035043805,-147.64966263485542,-147.64237101538862
1.0962453066332918,-147.65202319394209,-147.64722914686584
1.0982478097622028,-147.6543424348741,-147.65208727834303
1.100250312891114,-147.656620696646,-147.65643751373605
1.1022528160200251,-147.65885831825227,-147.6572324765397
1.1042553191489364,-147.66105563868754,-147.6580274393433
1.1062578222778474,-147.6632129969462,-147.65882240214694
1.1082603254067585,-147.66533073202288,-147.65961736495055
1.1102628285356697,-147.66740918291205,-147.6604123277542
1.1122653316645807,-147.66944868860824,-147.66120729055783
1.114267834793492,-147.67144958810601,-147.66200225336144
1.116270337922403,-147.67341222039985,-147.66279721616507
1.1182728410513143,-147.67533692448433,-147.6635921789687
1.1202753441802253,-147.67722403935394,-147.66438714177232
1.1222778473091366,-147.67907390400316,-147.66518210457596
1.1242803504380476,-147.6808868574266,-147.66597706737957
1.126282853566959,-147.68266323861874,-147.6667720301832
1.12828535669587,-147.6844033865741,-147.66756699298685
1.1302878598247812,-147.68610764028725,-147.66836195579046
1.1322903629536922,-147.6877763387527,-147.6691569185941
1.1342928660826033,-147.6894098209649,-147.6699518813977
1.1362953692115145,-147.69100842591848,-147.67074684420135
1.1382978723404256,-147.69257249260795,-147.67154180700499
1.1403003754693368,-147.69410236002778,-147.6723367698086
1.1423028785982479,-147.69559836717252,-147.67313173261223
1.1443053817271591,-147.69706085303667,-147.67392669541587
1.1463078848560702,-147.69849015661484,-147.67472165821948
1.1483103879849814,-147.69988661690144,-147.67551662102312
1.1503128911138925,-147.7012505728911,-147.67631158382673
1.1523153942428035,-147.7025823635783,-147.67710654663037
1.1543178973717148,-147.70388232795756,-147.677901509434
1.156320400500626,-147.70515080502338,-147.67869647223762
1.158322903629537,-147.70638813377036,-147.67949143504126
1.160325406758448,-147.70759465319298,-147.6802863978449
1.1623279098873593,-147.70877070228573,-147.6810813606485
1.1643304130162704,-147.70991662004323,-147.68187632345214
1.1663329161451816,-147.71103274545985,-147.68267128625575
1.1683354192740927,-147.71211941753032,-147.6834662490594
1.170337922403004,-147.713176975249,-147.68426121186303
1.172340425531915,-147.71420575761053,-147.68505617466664
1.1743429286608262,-147.71520610360935,-147.68585113747028
1.1763454317897373,-147.71617835223995,-147.6866461002739
1.1783479349186483,-147.717122842497,-147.68744106307753
1.1803504380475596,-147.71803991337492,-147.68823602588117
1.1823529411764708,-147.7189299038683,-147.68903098868478
1.1843554443053819,-147.71979315297156,-147.68982595148842
1.186357947434293,-147.72062999967932,-147.69062091429205
1.1883604505632042,-147.72144078298606,-147.69141587709566
1.1903629536921152,-147.72222584188637,-147.6922108398993
1.1923654568210265,-147.72298551537475,-147.6930058027029
1.1943679599499375,-147.72372014244564,-147.69380076550655
1.1963704630788488,-147.72443006209366,-147.6945957283102
1.1983729662077598,-147.72511561331328,-147.6953906911138
1.200375469336671,-147.72577713509907,-147.69618565391744
1.202377972465582,-147.72641496644553,-147.69698061672108
1.2043804755944931,-147.72702944634722,-147.6977755795247
1.2063829787234044,-147.7276209137986,-147.69857054232833
1.2083854818523156,-147.72818970779423,-147.69936550513194
1.2103879849812267,-147.72873616732866,-147.70016046793558
1.2123904881101377,-147.7292606313964,-147.7009554307392
1.214392991239049,-147.72976343899194,-147.70175039354282
1.21639549436796,-147.73024492910983,-147.70254535634646
1.2183979974968713,-147.73070544074463,-147.7033403191501
1.2204005006257823,-147.73114531289082,-147.7041352819537
1.2224030037546936,-147.73156488454293,-147.70493024475735
1.2244055068836046,-147.73196449469552,-147.70572520756096
1.2264080100125159,-147.7323444823431,-147.7065201703646
1.228410513141427,-147.73270518648016,-147.70731513316824
1.230413016270338,-147.73304694610127,-147.70811009597185
1.2324155193992492,-147.7333701002009,-147.70890505877549
1.2344180225281605,-147.73367498777364,-147.7097000215791
1.2364205256570715,-147.73396194781398,-147.71049498438273
1.2384230287859825,-147.73423131931648,-147.71128994718637
1.2404255319148938,-147.73448344127561,-147.71208490998998
1.2424280350438048,-147.73471865268593,-147.71287987279362
1.244430538172716,-147.73493729254196,-147.71367483559726
1.2464330413016271,-147.73513969983824,-147.71446979840087
1.2484355444305384,-147.73532621356927,-147.7152647612045
1.2504380475594494,-147.7354971727296,-147.71605972400812
1.2524405506883607,-147.73565291631368,-147.71685468681176
1.2544430538172717,-147.73579378331618,-147.7176496496154
1.2564455569461828,-147.73592011273152,-147.718444612419
1.258448060075094,-147.73603224355423,-147.71923957522264
1.2604505632040053,-147.73613051477886,-147.72003453802628
1.2624530663329163,-147.73621526539992,-147.7208295008299
1.2644555694618274,-147.73628683441194,-147.72162446363353
1.2664580725907386,-147.73634556080947,-147.72241942643714
1.2684605757196497,-147.736391783587,-147.72321438924078
1.270463078848561,-147.7364258417391,-147.72400935204442
1.272465581977472,-147.73644807426027,-147.72480431484803
1.2744680851063832,-147.73645882014497,-147.72559927765167
1.2764705882352942,-147.7364584183878,-147.72639424045528
1.2784730913642055,-147.73644720798333,-147.72718920325892
1.2804755944931165,-147.736425527926,-147.72798416606256
1.2824780976220276,-147.73639371721035,-147.72877912886617
1.2844806007509388,-147.7363521148309,-147.7295740916698
1.28648310387985,-147.73630105978222,-147.73036905447344
1.2884856070087611,-147.7362408910588,-147.73116401727705
1.2904881101376722,-147.73617194765518,-147.7319589800807
1.2924906132665834,-147.7360945685659,-147.7327539428843
1.2944931163954945,-147.73600909278545,-147.73354890568794
1.2964956195244057,-147.73591585930834,-147.73434386849158
1.2984981226533168,-147.73581520712918,-147.7351388312952
1.300500625782228,-147.73570747446755,-147.73563970059521
1.302503128911139,-147.7355929057832,-147.73525828938438
1.3045056320400503,-147.7354715634403,-147.73487687817357
1.3065081351689614,-147.73534348888134,-147.73449546696276
1.3085106382978724,-147.73520872354877,-147.73411405575192
1.3105131414267837,-147.73506730888514,-147.7337326445411
1.312515644555695,-147.7349192863329,-147.73335123333027
1.314518147684606,-147.73476469733455,-147.73296982211946
1.316520650813517,-147.7346035833326,-147.73258841090862
1.3185231539424282,-147.73443598576955,-147.7322069996978
1.3205256570713393,-147.73426194608788,-147.73182558848697
1.3225281602002505,-147.73408150573005,-147.73144417727616
1.3245306633291616,-147.73389470613859,-147.73106276606535
1.3265331664580728,-147.733701588756,-147.7306813548545
1.3285356695869839,-147.73350219502473,-147.7302999436437
1.3305381727158951,-147.7332965663873,-147.72991853243286
1.3325406758448062,-147.73308474428623,-147.72953712122205
1.3345431789737172,-147.73286677016395,-147.7291557100112
1.3365456821026285,-147.73264268546305,-147.7287742988004
1.3385481852315397,-147.73241253162595,-147.7283928875896
1.3405506883604508,-147.7321763500951,-147.72801147637875
1.3425531914893618,-147.7319341823131,-147.72763006516794
1.344555694618273,-147.73168606972237,-147.7272486539571
1.346558197747184,-147.73143205376545,-147.7268672427463
1.3485607008760954,-147.73117217588478,-147.72648583153546
1.3505632040050064,-147.73090647752292,-147.72610442032465
1.3525657071339177,-147.7306350001223,-147.7257230091138
1.3545682102628287,-147.73035778512542,-147.725341597903
1.35657071339174,-147.73007487397481,-147.7249601866922
1.358573216520651,-147.72978630811295,-147.72457877548135
1.360575719649562,-147.72949212898232,-147.72419736427054
1.3625782227784733,-147.7291923780254,-147.7238159530597
1.3645807259073846,-147.72888709668476,-147.7234345418489
1.3665832290362956,-147.7285763264028,-147.72305313063805
1.3685857321652066,-147.728260108622,-147.72267171942724
1.3705882352941179,-147.72793848478497,-147.7222903082164
1.372590738423029,-147.7276114963341,-147.7219088970056
1.3745932415519402,-147.72727918471193,-147.72152748579478
1.3765957446808512,-147.72694159136097,-147.72114607458394
1.3785982478097625,-147.72659875772362,-147.72076466337313
1.3806007509386735,-147.72625072524247,-147.7203832521623
1.3826032540675848,-147.72589753536,-147.72000184095148
1.3846057571964958,-147.72553922951866,-147.71962042974064
1.3866082603254068,-147.72517584916096,-147.71923901852983
1.388610763454318,-147.72480743572945,-147.71885760731902
1.3906132665832294,-147.72443403066652,-147.71847619610818
1.3926157697121404,-147.7240556754147,-147.71809478489737
1.3946182728410514,-147.72367241141652,-147.71771337368654
1.3966207759699627,-147.72328428011448,-147.71733196247573
1.3986232790988737,-147.722891322951,-147.7169505512649
1.400625782227785,-147.72249358136864,-147.71656914005408
1.402628285356696,-147.72209109680986,-147.71618772884324
1.404630788485607,-147.72168391071716,-147.71580631763243
1.4066332916145183,-147.72127206453305,-147.71542490642162
1.4086357947434296,-147.72085559970003,-147.71504349521078
1.4106382978723406,-147.7204345576605,-147.71466208399997
1.4126408010012517,-147.72000897985708,-147.71428067278913
1.414643304130163,-147.7195789077322,-147.71389926157832
1.4166458072590742,-147.71914438272836,-147.71351785036748
1.4186483103879852,-147.71870544628806,-147.71313643915667
1.4206508135168963,-147.7182621398538,-147.71275502794583
1.4226533166458075,-147.71781450486804,-147.71237361673502
1.4246558197747188,-147.7173625827733,-147.7119922055242
1.4266583229036298,-147.71690641501206,-147.71161079431337
1.4286608260325409,-147.71644604302682,-147.71122938310256
1.430663329161452,-147.71598150826006,-147.71084797189172
1.4326658322903632,-147.71551285215432,-147.7104665606809
1.4346683354192744,-147.715040116152,-147.71008514947007
1.4366708385481854,-147.71456334169568,-147.70970373825926
1.4386733416770965,-147.71408257022787,-147.70932232704843
1.4406758448060077,-147.71359784319097,-147.70894091583762
1.442678347934919,-147.71310920202754,-147.7085595046268
1.44468085106383,-147.71261668818002,-147.70817809341597
1.446683354192741,-147.71212034309096,-147.70779668220516
1.4486858573216523,-147.71162020820282,-147.70741527099432
1.4506883604505636,-147.71111632495814,-147.7070338597835
1.4526908635794746,-147.71060873479934,-147.70665244857267
1.4546933667083857,-147.71009747916898,-147.70627103736186
1.4566958698372967,-147.70958259950945,-147.70588962615105
1.458698372966208,-147.7090641372634,-147.7055082149402
1.4607008760951192,-147.7085421338732,-147.7051268037294
1.4627033792240303,-147.70801663078134,-147.70474539251856
1.4647058823529413,-147.7074876694304,-147.70436398130775
1.4667083854818526,-147.70695529126286,-147.7039825700969
1.4687108886107638,-147.7064195377211,-147.7036011588861
1.4707133917396749,-147.70588045024775,-147.70321974767526
1.472715894868586,-147.70533807028522,-147.70283833646445
1.4747183979974972,-147.70479243927602,-147.70245692525364
1.4767209011264084,-147.70424359866269,-147.7020755140428
1.4787234042553195,-147.70369158988768,-147.701694102832
1.4807259073842305,-147.70313645439344,-147.70131269162115
1.4827284105131415,-147.70257823362255,-147.70093128041034
1.4847309136420528,-147.70201696901745,-147.7005498691995
1.486733416770964,-147.70145270202065,-147.7001684579887
1.488735919899875,-147.70088547407465,-147.69978704677786
1.4907384230287861,-147.70031532662193,-147.69940563556705
1.4927409261576974,-147.69974230110498,-147.69902422435624
1.4947434292866086,-147.69916643896627,-147.6986428131454
1.4967459324155197,-147.69858778164837,-147.6982614019346
1.4987484355444307,-147.6980063705937,-147.69787999072375
1.500750938673342,-147.69742224750792,-147.69741662909786
1.502753441802253,-147.69683546601453,-147.69681668344685
1.5047559449311643,-147.6962460962742,-147.69621673779585
1.5067584480600753,-147.69565420966555,-147.69561679214482
1.5087609511889863,-147.6950598775674,-147.69501684649381
1.5107634543178976,-147.6944631713583,-147.6944169008428
1.5127659574468089,-147.69386416241713,-147.69381695519178
1.51476846057572,-147.69326292212247,-147.69321700954077
1.516770963704631,-147.69265952185305,-147.69261706388977
1.5187734668335422,-147.6920540329876,-147.69201711823874
1.5207759699624535,-147.69144652690483,-147.69141717258773
1.5227784730913645,-147.69083707498342,-147.69081722693673
1.5247809762202755,-147.6902257486021,-147.69021728128573
1.5267834793491868,-147.68961261913955,-147.6896173356347
1.5287859824780978,-147.68899775797448,-147.6890173899837
1.530788485607009,-147.6883812364856,-147.68841744433269
1.5327909887359201,-147.6877631260516,-147.68781749868165
1.5347934918648312,-147.68714349805123,-147.68721755303065
1.5367959949937424,-147.68652242386312,-147.68661760737965
1.5387984981226537,-147.68589997486603,-147.6860176617286
1.5408010012515647,-147.68527622243866,-147.6854177160776
1.5428035043804758,-147.6846512379597,-147.6848177704266
1.544806007509387,-147.6840250928079,-147.68421782477557
1.5468085106382983,-147.68339785836187,-147.68361787912457
1.5488110137672093,-147.68276960600042,-147.68301793347356
1.5508135168961203,-147.68214040710217,-147.68241798782256
1.5528160200250316,-147.68151033304588,-147.68181804217153
1.5548185231539426,-147.68087945521026,-147.68121809652052
1.556821026282854,-147.68024784497393,-147.68061815086952
1.558823529411765,-147.6796155737157,-147.6800182052185
1.560826032540676,-147.67898271281422,-147.67941825956748
1.5628285356695872,-147.67834933364819,-147.67881831391648
1.5648310387984985,-147.6777155075964,-147.67821836826545
1.5668335419274095,-147.67708130603742,-147.67761842261444
1.5688360450563206,-147.67644680035002,-147.67701847696344
1.5708385481852318,-147.6758120619129,-147.67641853131244
1.572841051314143,-147.6751771621048,-147.6758185856614
1.5748435544430541,-147.6745421723044,-147.6752186400104
1.5768460575719652,-147.67390716389036,-147.6746186943594
1.5788485607008764,-147.67327220824143,-147.67401874870836
1.5808510638297875,-147.67263737673633,-147.67341880305736
1.5828535669586987,-147.67200274075375,-147.67281885740636
1.5848560700876098,-147.67136837167237,-147.67221891175532
1.5868585732165208,-147.67073434087092,-147.67161896610432
1.588861076345432,-147.6701007197281,-147.67101902045331
1.5908635794743433,-147.66946757962262,-147.6704190748023
1.5928660826032544,-147.66883499193318,-147.66981912915128
1.5948685857321654,-147.66820302803845,-147.66921918350027
1.5968710888610766,-147.66757175931718,-147.66861923784927
1.598873591989988,-147.6669412571481,-147.66801929219824
1.600876095118899,-147.66631159290986,-147.66741934654723
1.60287859824781,-147.66568283798117,-147.66681940089623
1.604881101376721,-147.66505506374074,-147.6662194552452
1.6068836045056323,-147.66442834156732,-147.6656195095942
1.6088861076345435,-147.66380274283955,-147.6650195639432
1.6108886107634546,-147.66317833893618,-147.66441961829216
1.6128911138923656,-147.66255520123588,-147.66381967264115
1.6148936170212769,-147.66193340111735,-147.66321972699015
1.6168961201501881,-147.66131300995934,-147.66261978133915
1.6188986232790992,-147.66069409914056,-147.6620198356881
1.6209011264080102,-147.66007674003964,-147.6614198900371
1.6229036295369215,-147.65946100403534,-147.6608199443861
1.6249061326658327,-147.65884696250637,-147.66021999873507
1.6269086357947438,-147.6582346868314,-147.65962005308407
1.6289111389236548,-147.65762424838917,-147.65902010743307
1.6309136420525658,-147.6570157185584,-147.65842016178203
1.632916145181477,-147.65640916871774,-147.65782021613103
1.6349186483103884,-147.65580467024589,-147.65722027048002
1.6369211514392994,-147.65520229452162,-147.65662032482902
1.6389236545682104,-147.6546021129236,-147.656020379178
1.6409261576971217,-147.6540041968305,-147.65542043352698
1.642928660826033,-147.65340861762112,-147.65482048787598
1.644931163954944,-147.65281544667405,-147.65422054222495
1.646933667083855,-147.65222475536808,-147.65362059657394
1.6489361702127663,-147.65163661508186,-147.65302065092294
1.6509386733416775,-147.65105109719414,-147.6524207052719
1.6529411764705886,-147.6504682730836,-147.6518207596209
1.6549436795994996,-147.64988821412894,-147.6512208139699
1.6569461827284107,-147.64931099170886,-147.6506208683189
1.658948685857322,-147.64873667720212,-147.65002092266786
1.6609511889862332,-147.64816534198735,-147.64942097701686
1.6629536921151442,-147.6475970574433,-147.64882103136586
1.6649561952440552,-147.64703189494867,-147.64822108571482
1.6669586983729665,-147.64646992588214,-147.64762114006382
1.6689612015018778,-147.6459112216224,-147.64702119441282
1.6709637046307888,-147.64535585354827,-147.64642124876178
1.6729662077596998,-147.64480389303833,-147.64582130311078
1.674968710888611,-147.6442554114713,-147.64522135745977
1.6769712140175224,-147.64371048022593,-147.64462141180874
1.6789737171464334,-147.64316917068092,-147.64402146615774
1.6809762202753444,-147.64263155421494,-147.64342152050673
1.6829787234042555,-147.64209770220674,-147.64282157485573
1.6849812265331667,-147.641567686035,-147.6422216292047
1.686983729662078,-147.64104157707843,-147.6416216835537
1.688986232790989,-147.6405194467157,-147.6410217379027
1.6909887359199,-147.64000136632558,-147.64042179225166
1.6929912390488113,-147.6394874072867,-147.63982184660065
1.6949937421777226,-147.63897764097786,-147.63922190094965
1.6969962453066336,-147.63847213877767,-147.63862195529862
1.6989987484355447,-147.6379709720649,-147.6380220096476
1.701001251564456,-147.6374742096658,-147.63754207242678
1.7030037546933672,-147.63698186170103,-147.6371821436361
1.7050062578222782,-147.63649387958557,-147.6368222148454
1.7070087609511893,-147.63601021218204,-147.63646228605472
1.7090112640801003,-147.635530808353,-147.63610235726404
1.7110137672090115,-147.63505561696107,-147.63574242847335
1.7130162703379228,-147.63458458686887,-147.63538249968266
1.7150187734668338,-147.63411766693886,-147.63502257089198
1.7170212765957449,-147.63365480603375,-147.6346626421013
1.7190237797246561,-147.633195953016,-147.6343027133106
1.7210262828535674,-147.63274105674836,-147.63394278451995
1.7230287859824784,-147.63229006609333,-147.63358285572926
1.7250312891113895,-147.63184292991346,-147.63322292693857
1.7270337922403007,-147.6313995970714,-147.63286299814789
1.729036295369212,-147.63096001642973,-147.6325030693572
1.731038798498123,-147.63052413685097,-147.6321431405665
1.733041301627034,-147.6300919071978,-147.63178321177583
1.735043804755945,-147.62966327633276,-147.63142328298514
1.7370463078848564,-147.6292381931184,-147.63106335419445
1.7390488110137676,-147.62881660641736,-147.63070342540377
1.7410513141426787,-147.62839846509223,-147.6303434966131
1.7430538172715897,-147.62798371800554,-147.62998356782242
1.745056320400501,-147.62757231402,-147.62962363903173
1.7470588235294122,-147.62716420199806,-147.62926371024105
1.7490613266583233,-147.62675933080234,-147.62890378145036
1.7510638297872343,-147.62635764929547,-147.62854385265967
1.7530663329161456,-147.62595910634002,-147.628183923869
1.7550688360450568,-147.62556365079854,-147.6278239950783
1.7570713391739678,-147.6251712315337,-147.62746406628762
1.7590738423028789,-147.624781797408,-147.62710413749693
1.76107634543179,-147.62439529728402,-147.62674420870627
1.7630788485607012,-147.62401168002444,-147.62638427991558
1.7650813516896124,-147.62363089449178,-147.6260243511249
1.7670838548185235,-147.62325288954867,-147.6256644223342
1.7690863579474345,-147.62287761405761,-147.62530449354352
1.7710888610763458,-147.62250501688126,-147.62494456475284
1.773091364205257,-147.62213504688222,-147.62458463596215
1.775093867334168,-147.62176765292304,-147.62422470717146
1.7770963704630791,-147.62140278386627,-147.62386477838078
1.7790988735919904,-147.62104038857458,-147.6235048495901
1.7811013767209016,-147.62068041591053,-147.62314492079943
1.7831038798498127,-147.62032281473665,-147.62278499200875
1.7851063829787237,-147.6199675339156,-147.62242506321806
1.7871088861076347,-147.61961452230992,-147.62206513442737
1.789111389236546,-147.61926372878224,-147.6217052056367
1.7911138923654573,-147.6189151021951,-147.621345276846
1.7931163954943683,-147.6185685914111,-147.6209853480553
1.7951188986232793,-147.61822414529283,-147.62062541926463
1.7971214017521906,-147.6178817127029,-147.62026549047394
1.7991239048811019,-147.61754124250388,-147.61990556168325
1.801126408010013,-147.61720268355836,-147.61954563289257
1.803128911138924,-147.6168659847289,-147.6191857041019
1.8051314142678352,-147.6165310948781,-147.61882577531122
1.8071339173967464,-147.61619796286857,-147.61846584652054
1.8091364205256575,-147.61586653756288,-147.61810591772985
1.8111389236545685,-147.6155367678236,-147.61774598893916
1.8131414267834796,-147.61520860251335,-147.61738606014848
1.8151439299123908,-147.61488199049472,-147.6170261313578
1.817146433041302,-147.61455688063023,-147.6166662025671
1.8191489361702131,-147.61423322178257,-147.61630627377642
1.8211514392991242,-147.6139109628142,-147.61594634498573
1.8231539424280354,-147.61359005258785,-147.61558641619507
1.8251564455569467,-147.61327043996602,-147.61522648740439
1.8271589486858577,-147.61295207381124,-147.6148665586137
1.8291614518147687,-147.61263490298623,-147.614506629823
1.83116395494368,-147.6123188763535,-147.61414670103233
1.8331664580725913,-147.61200394277566,-147.61378677224164
1.8351689612015023,-147.61169005111532,-147.61342684345095
1.8371714643304133,-147.61137715023497,-147.61306691466027
1.8391739674593244,-147.6110651889973,-147.61270698586958
1.8411764705882356,-147.61075411626484,-147.6123470570789
1.843178973717147,-147.6104438809002,-147.61198712828823
1.845181476846058,-147.61013443176597,-147.61162719949755
1.847183979974969,-147.6098257177247,-147.61126727070686
1.8491864831038802,-147.60951768763906,-147.61090734191617
1.8511889862327915,-147.60921029037152,-147.6105474131255
1.8531914893617025,-147.60890347478477,-147.6101874843348
1.8551939924906136,-147.60859718974135,-147.60982755554411
1.8571964956195248,-147.60829138410384,-147.60946762675343
1.859198998748436,-147.60798600673482,-147.60910769796274
1.8612015018773471,-147.60768100649693,-147.60874776917206
1.8632040050062582,-147.6073763322527,-147.6083878403814
1.8652065081351692,-147.60707193286473,-147.6080279115907
1.8672090112640805,-147.60676775719566,-147.60766798280002
1.8692115143929917,-147.60646375410798,-147.60730805400934
1.8712140175219028,-147.60615987246433,-147.60694812521865
1.8732165206508138,-147.60585606112733,-147.60658819642796
1.875219023779725,-147.60555226895949,-147.60622826763728
1.8772215269086363,-147.60524844482345,-147.6058683388466
1.8792240300375473,-147.60494453758184,-147.6055084100559
1.8812265331664584,-147.60464049609712,-147.60514848126522
1.8832290362953696,-147.604336269232,-147.60478855247456
1.885231539424281,-147.60403180584896,-147.60442862368387
1.887234042553192,-147.6037270548107,-147.6040686948932
1.889236545682103,-147.6034219649797,-147.6037087661025
1.891239048811014,-147.60311648521864,-147.6033488373118
1.8932415519399253,-147.60281056439004,-147.60298890852113
1.8952440550688365,-147.6025041513565,-147.60262897973044
1.8972465581977476,-147.6021971949806,-147.60226905093975
1.8992490613266586,-147.60188964412495,-147.60190912214907
1.9012515644555696,-147.6015814526052,-147.60163417621075
1.9032540675844811,-147.60127264147906,-147.60141021998382
1.9052565707133922,-147.60096328026472,-147.6011862637569
1.9072590738423032,-147.60065343955026,-147.60096230752995
1.9092615769712142,-147.6003431899236,-147.60073835130302
1.9112640801001257,-147.6000326019728,-147.6005143950761
1.9132665832290368,-147.5997217462859,-147.60029043884916
1.9152690863579478,-147.59941069345084,-147.60006648262222
1.9172715894868588,-147.5990995140556,-147.5998425263953
1.9192740926157703,-147.59878827868832,-147.59961857016836
1.9212765957446813,-147.59847705793695,-147.59939461394143
1.9232790988735924,-147.59816592238946,-147.5991706577145
1.9252816020025034,-147.59785494263392,-147.59894670148756
1.9272841051314145,-147.5975441892583,-147.59872274526063
1.929286608260326,-147.5972337328506,-147.5984987890337
1.931289111389237,-147.5969236439989,-147.59827483280677
1.933291614518148,-147.59661399329116,-147.59805087657983
1.935294117647059,-147.59630485131538,-147.5978269203529
1.9372966207759705,-147.59599628865962,-147.59760296412597
1.9392991239048816,-147.59568837591186,-147.59737900789904
1.9413016270337926,-147.5953811836601,-147.5971550516721
1.9433041301627036,-147.59507478249233,-147.59693109544517
1.9453066332916151,-147.59476924299665,-147.59670713921824
1.9473091364205262,-147.594464635761,-147.5964831829913
1.9493116395494372,-147.59416103137335,-147.59625922676437
1.9513141426783482,-147.59385850042185,-147.59603527053744
1.9533166458072593,-147.5935571134944,-147.5958113143105
1.9553191489361708,-147.593256941179,-147.59558735808358
1.9573216520650818,-147.59295805406373,-147.59536340185664
1.9593241551939928,-147.59266052273657,-147.5951394456297
1.9613266583229039,-147.59236441778552,-147.59491548940278
1.9633291614518154,-147.5920698097986,-147.59469153317585
1.9653316645807264,-147.59177676936386,-147.59446757694892
1.9673341677096374,-147.59148536706923,-147.59424362072198
1.9693366708385485,-147.59119567350277,-147.59401966449505
1.97133917396746,-147.5909077592525,-147.59379570826812
1.973341677096371,-147.5906216949064,-147.59357175204119
1.975344180225282,-147.59033755105247,-147.59334779581425
1.977346683354193,-147.5900553982788,-147.59312383958732
1.979349186483104,-147.58977530717334,-147.5928998833604
1.9813516896120156,-147.58949734832407,-147.59267592713346
1.9833541927409266,-147.58922159231906,-147.59245197090652
1.9853566958698377,-147.58894810974635,-147.5922280146796
1.9873591989987487,-147.58867697119382,-147.59200405845266
1.9893617021276602,-147.58840824724962,-147.59178010222573
1.9913642052565712,-147.58814200850168,-147.5915561459988
1.9933667083854822,-147.58787832553807,-147.59133218977186
1.9953692115143933,-147.58761726894673,-147.59110823354493
1.9973717146433048,-147.58735890931572,-147.590884277318
1.9993742177722158,-147.58710331723302,-147.59066032109106
2.001376720901127,-147.58685056328665,-147.59043636486413
2.003379224030038,-147.58660071806466,-147.5902124086372
2.005381727158949,-147.586353852155,-147.58998845241027
2.0073842302878604,-147.58611003614573,-147.58976449618334
2.0093867334167714,-147.58586934062484,-147.5895405399564
2.0113892365456825,-147.58563183618037,-147.58931658372947
2.0133917396745935,-147.58539759340024,-147.58909262750254
2.015394242803505,-147.58516668287257,-147.5888686712756
2.017396745932416,-147.58493917518533,-147.58864471504867
2.019399249061327,-147.5847151409265,-147.58842075882174
2.021401752190238,-147.5844946506841,-147.5881968025948
2.0234042553191496,-147.58427777504622,-147.58797284636788
2.0254067584480606,-147.58406458460075,-147.58774889014094
2.0274092615769717,-147.58385514993577,-147.587524933914
2.0294117647058827,-147.5836495416393,-147.58730097768708
2.0314142678347937,-147.58344783029932,-147.58707702146015
2.033416770963705,-147.58325008650382,-147.58685306523324
2.0354192740926162,-147.5830563808409,-147.5866291090063
2.0374217772215273,-147.5828667838985,-147.58640515277938
2.0394242803504383,-147.58268136626458,-147.58618119655245
2.04142678347935,-147.5825001985273,-147.5859572403255
2.043429286608261,-147.58232335127457,-147.58573328409858
2.045431789737172,-147.58215089509437,-147.58550932787165
2.047434292866083,-147.5819829005748,-147.58528537164472
2.0494367959949944,-147.58181943830382,-147.58506141541778
2.0514392991239054,-147.58166057886945,-147.58483745919085
2.0534418022528165,-147.58150639285967,-147.58461350296392
2.0554443053817275,-147.58135695086256,-147.584389546737
2.0574468085106385,-147.5812123234661,-147.58416559051005
2.05944931163955,-147.58107258125827,-147.58394163428312
2.061451814768461,-147.5809377948271,-147.5837176780562
2.063454317897372,-147.58080803476062,-147.58349372182926
2.065456821026283,-147.58068337164678,-147.58326976560232
2.0674593241551946,-147.58056387607368,-147.5830458093754
2.0694618272841057,-147.5804496186293,-147.58282185314846
2.0714643304130167,-147.58034066990163,-147.58259789692153
2.0734668335419277,-147.58023710047866,-147.5823739406946
2.075469336670839,-147.58013898094848,-147.58214998446766
2.0774718397997503,-147.580046381899,-147.58192602824073
2.0794743429286613,-147.57995937391829,-147.5817020720138
2.0814768460575723,-147.57987802759436,-147.58147811578687
2.0834793491864834,-147.57980241351524,-147.58125415955993
2.085481852315395,-147.57973260226888,-147.581030203333
2.087484355444306,-147.57966866444332,-147.58080624710607
2.089486858573217,-147.5796106706266,-147.58058229087914
2.091489361702128,-147.57955869140667,-147.5803583346522
2.0934918648310394,-147.57951279737162,-147.58013437842527
2.0954943679599505,-147.5794730591094,-147.57991042219834
2.0974968710888615,-147.57943954720804,-147.5796864659714
2.0994993742177726,-147.57941233225557,-147.57946250974447
2.101501877346684,-147.5793914738109,-147.57952126127134
2.103504380475595,-147.57937693543923,-147.57967424871617
2.105506883604506,-147.5793686312793,-147.57982723616098
2.107509386733417,-147.57936647506116,-147.5799802236058
2.109511889862328,-147.5793703805151,-147.58013321105062
2.1115143929912397,-147.5793802613712,-147.58028619849543
2.1135168961201507,-147.57939603135964,-147.58043918594024
2.1155193992490617,-147.57941760421068,-147.58059217338504
2.1175219023779728,-147.57944489365434,-147.58074516082988
2.1195244055068843,-147.57947781342094,-147.58089814827468
2.1215269086357953,-147.57951627724054,-147.5810511357195
2.1235294117647063,-147.57956019884335,-147.58120412316433
2.1255319148936174,-147.5796094919596,-147.58135711060913
2.127534418022529,-147.57966407031935,-147.58151009805394
2.12953692115144,-147.57972384765287,-147.58166308549877
2.131539424280351,-147.57978873769025,-147.58181607294358
2.133541927409262,-147.57985865416165,-147.5819690603884
2.135544430538173,-147.57993351079736,-147.5821220478332
2.1375469336670845,-147.58001322132745,-147.58227503527803
2.1395494367959955,-147.5800976994821,-147.58242802272284
2.1415519399249066,-147.5801868589915,-147.58258101016764
2.1435544430538176,-147.5802806135858,-147.58273399761248
2.145556946182729,-147.58037887699524,-147.58288698505729
2.14755944931164,-147.58048156294987,-147.5830399725021
2.149561952440551,-147.58058858517998,-147.5831929599469
2.151564455569462,-147.58069985741565,-147.58334594739173
2.1535669586983737,-147.5808152933871,-147.58349893483654
2.1555694618272847,-147.5809348068245,-147.58365192228135
2.1575719649561957,-147.58105831145798,-147.58380490972618
2.159574468085107,-147.5811857210177,-147.583957897171
2.161576971214018,-147.58131694923392,-147.5841108846158
2.1635794743429293,-147.58145190983674,-147.5842638720606
2.1655819774718403,-147.5815905165564,-147.58441685950544
2.1675844806007514,-147.58173268312294,-147.58456984695025
2.1695869837296624,-147.5818783232666,-147.58472283439505
2.171589486858574,-147.58202735071765,-147.5848758218399
2.173591989987485,-147.5821796792061,-147.5850288092847
2.175594493116396,-147.58233522246218,-147.5851817967295
2.177596996245307,-147.58249389421607,-147.5853347841743
2.1795994993742185,-147.58265560819794,-147.58548777161914
2.1816020025031295,-147.58282027813803,-147.58564075906395
2.1836045056320406,-147.58298781776634,-147.58579374650876
2.1856070087609516,-147.5831581408132,-147.5859467339536
2.1876095118898626,-147.5833311610087,-147.5860997213984
2.189612015018774,-147.583506792083,-147.5862527088432
2.191614518147685,-147.58368494776633,-147.586405696288
2.193617021276596,-147.58386554178878,-147.58655868373285
2.1956195244055072,-147.58404848788064,-147.58671167117765
2.1976220275344187,-147.584233699772,-147.58686465862246
2.1996245306633297,-147.58442109119298,-147.5870176460673
2.201627033792241,-147.58461057587385,-147.5871706335121
2.203629536921152,-147.58480206754476,-147.5873236209569
2.2056320400500633,-147.58499547993586,-147.58747660840174
2.2076345431789743,-147.58519072677726,-147.58762959584655
2.2096370463078854,-147.58538772179924,-147.58778258329136
2.2116395494367964,-147.5855863787319,-147.58793557073616
2.2136420525657075,-147.58578661130542,-147.588088558181
2.215644555694619,-147.58598833325001,-147.5882415456258
2.21764705882353,-147.58619145829581,-147.5883945330706
2.219649561952441,-147.58639590017296,-147.58854752051545
2.221652065081352,-147.5866015726117,-147.58870050796025
2.2236545682102635,-147.5868083893421,-147.58885349540506
2.2256570713391746,-147.58701626409444,-147.58900648284987
2.2276595744680856,-147.58722511059884,-147.5891594702947
2.2296620775969966,-147.58743484258548,-147.5893124577395
2.231664580725908,-147.5876453737845,-147.58946544518432
2.233667083854819,-147.58785661792612,-147.58961843262915
2.23566958698373,-147.58806848874042,-147.58977142007396
2.2376720901126412,-147.5882808999577,-147.58992440751877
2.2396745932415523,-147.58849376530804,-147.59007739496357
2.2416770963704638,-147.58870699852164,-147.5902303824084
2.243679599499375,-147.58892051332865,-147.5903833698532
2.245682102628286,-147.5891342234592,-147.59053635729802
2.247684605757197,-147.5893480426436,-147.59068934474286
2.2496871088861083,-147.5895618846119,-147.59084233218766
2.2516896120150194,-147.58977566309431,-147.59099531963247
2.2536921151439304,-147.58998929182098,-147.59114830707728
2.2556946182728415,-147.5902026845221,-147.5913012945221
2.257697121401753,-147.59041575492785,-147.59145428196692
2.259699624530664,-147.59062841676837,-147.59160726941172
2.261702127659575,-147.59084058377385,-147.59176025685656
2.263704630788486,-147.59105216967444,-147.59191324430137
2.265707133917397,-147.59126308820032,-147.59206623174617
2.2677096370463086,-147.5914732530817,-147.59221921919098
2.2697121401752196,-147.59168257804868,-147.59237220663582
2.2717146433041306,-147.5918909768315,-147.59252519408062
2.2737171464330417,-147.59209836316026,-147.59267818152543
2.275719649561953,-147.59230465076516,-147.59283116897026
2.277722152690864,-147.5925097533764,-147.59298415641507
2.2797246558197752,-147.59271358472412,-147.59313714385988
2.2817271589486863,-147.59291605853852,-147.59329013130468
2.2837296620775978,-147.59311708854972,-147.59344311874952
2.285732165206509,-147.5933165884879,-147.59359610619433
2.28773466833542,-147.59351447208326,-147.59374909363913
2.289737171464331,-147.59371065306595,-147.59390208108397
2.291739674593242,-147.59390504516617,-147.59405506852877
2.2937421777221534,-147.59409756211406,-147.59420805597358
2.2957446808510644,-147.5942881176398,-147.59436104341842
2.2977471839799755,-147.59447662547356,-147.59451403086322
2.2997496871088865,-147.59466299934547,-147.59466701830803
2.301752190237798,-147.59484715298575,-147.59462503592516
2.303754693366709,-147.59502900012458,-147.59455520070978
2.30575719649562,-147.5952084544921,-147.5944853654944
2.307759699624531,-147.5953854298185,-147.594415530279
2.309762202753442,-147.59555983983392,-147.59434569506362
2.3117647058823536,-147.59573159826857,-147.59427585984824
2.3137672090112646,-147.59590061885254,-147.59420602463285
2.3157697121401757,-147.5960668153161,-147.59413618941747
2.3177722152690867,-147.59623010138944,-147.59406635420208
2.319774718397998,-147.59639039080255,-147.5939965189867
2.3217772215269092,-147.5965475972858,-147.5939266837713
2.3237797246558203,-147.59670163456929,-147.5938568485559
2.3257822277847313,-147.59685241638311,-147.59378701334052
2.327784730913643,-147.59699985645756,-147.59371717812513
2.329787234042554,-147.5971438685227,-147.59364734290975
2.331789737171465,-147.5972843663088,-147.59357750769436
2.333792240300376,-147.59742126354593,-147.59350767247898
2.335794743429287,-147.59755447396432,-147.5934378372636
2.3377972465581984,-147.59768391129415,-147.5933680020482
2.3397997496871095,-147.5978094892656,-147.59329816683282
2.3418022528160205,-147.59793112160875,-147.59322833161744
2.3438047559449315,-147.59804872205387,-147.59315849640205
2.345807259073843,-147.59816220433106,-147.59308866118664
2.347809762202754,-147.59827148217053,-147.59301882597126
2.349812265331665,-147.59837646930248,-147.59294899075587
2.351814768460576,-147.598477079457,-147.5928791555405
2.3538172715894876,-147.59857322636432,-147.5928093203251
2.3558197747183987,-147.5986648237546,-147.59273948510972
2.3578222778473097,-147.59875178535796,-147.59266964989433
2.3598247809762207,-147.59883402490465,-147.59259981467895
2.3618272841051318,-147.59891145612482,-147.59252997946356
2.3638297872340432,-147.59898399274857,-147.59246014424818
2.3658322903629543,-147.59905154850617,-147.5923903090328
2.3678347934918653,-147.59911403712772,-147.5923204738174
2.3698372966207764,-147.5991713723434,-147.592250638602
2.371839799749688,-147.5992234678834,-147.5921808033866
2.373842302878599,-147.5992702374779,-147.59211096817123
2.37584480600751,-147.59931159485706,-147.59204113295584
2.377847309136421,-147.599347453751,-147.59197129774046
2.3798498122653324,-147.59937772789,-147.59190146252507
2.3818523153942435,-147.59940233100411,-147.5918316273097
2.3838548185231545,-147.59942117682357,-147.5917617920943
2.3858573216520655,-147.59943417907851,-147.59169195687892
2.3878598247809766,-147.59944125149917,-147.59162212166353
2.389862327909888,-147.59944230781565,-147.59155228644815
2.391864831038799,-147.59943726175814,-147.59148245123276
2.39386733416771,-147.59942602705684,-147.59141261601735
2.395869837296621,-147.59940851744187,-147.59134278080197
2.3978723404255327,-147.59938464664341,-147.59127294558658
2.3998748435544437,-147.59935432839168,-147.5912031103712
2.4018773466833547,-147.59931747641681,-147.5911332751558
2.4038798498122658,-147.59927400444897,-147.59106343994043
2.4058823529411772,-147.59922382621835,-147.59099360472504
2.4078848560700883,-147.59916685545508,-147.59092376950966
2.4098873591989993,-147.59910300588936,-147.59085393429427
2.4118898623279104,-147.59903219125138,-147.5907840990789
2.4138923654568214,-147.59895432527125,-147.5907142638635
2.415894868585733,-147.59886932167922,-147.59064442864812
2.417897371714644,-147.59877709420542,-147.5905745934327
2.419899874843555,-147.59867755657996,-147.59050475821732
2.421902377972466,-147.5985706225331,-147.59043492300194
2.4239048811013775,-147.59845620579497,-147.59036508778655
2.4259073842302885,-147.59833422009572,-147.59029525257117
2.4279098873591995,-147.5982045791656,-147.59022541735578
2.4299123904881106,-147.59806719673475,-147.5901555821404
2.431914893617022,-147.59792198653324,-147.590085746925
2.433917396745933,-147.59776886229136,-147.59001591170963
2.435919899874844,-147.59760773773925,-147.58994607649424
2.437922403003755,-147.59743852660705,-147.58987624127886
2.439924906132666,-147.59726114262494,-147.58980640606347
2.4419274092615777,-147.5970754995231,-147.58973657084806
2.4439299123904887,-147.5968815110317,-147.58966673563268
2.4459324155193998,-147.59667909088094,-147.5895969004173
2.447934918648311,-147.59646815280092,-147.5895270652019
2.4499374217772223,-147.59624861052188,-147.58945722998652
2.4519399249061333,-147.59602037777395,-147.58938739477114
2.4539424280350444,-147.5957833682873,-147.58931755955575
2.4559449311639554,-147.59553749579214,-147.58924772434037
2.457947434292867,-147.5952826740186,-147.58917788912498
2.459949937421778,-147.5950188166968,-147.5891080539096
2.461952440550689,-147.59474583755704,-147.5890382186942
2.4639549436796,-147.5944636503294,-147.58896838347883
2.465957446808511,-147.59417216874405,-147.58889854826342
2.4679599499374225,-147.5938713065312,-147.58882871304803
2.4699624530663336,-147.593560977421,-147.58875887783265
2.4719649561952446,-147.5932410951436,-147.58868904261726
2.4739674593241556,-147.59291157342926,-147.58861920740188
2.475969962453067,-147.59257232600802,-147.5885493721865
2.477972465581978,-147.59222326661012,-147.5884795369711
2.479974968710889,-147.59186430896574,-147.58840970175572
2.4819774718398,-147.59149536680502,-147.58833986654034
2.4839799749687117,-147.59111635385813,-147.58827003132495
2.4859824780976227,-147.59072718385528,-147.58820019610957
2.4879849812265338,-147.59032777052659,-147.58813036089418
2.489987484355445,-147.58991802760227,-147.58806052567877
2.491989987484356,-147.58949786881246,-147.58799069046339
2.4939924906132673,-147.58906720788733,-147.587920855248
2.4959949937421784,-147.5886259585571,-147.58785102003262
2.4979974968710894,-147.58817403455186,-147.58778118481723
2.5000000000000004,-147.58771134960185,-147.58771134960185
