angle,spline,linear
90.0,-15.475542162391115,-15.475542162391115
90.22556390977444,-15.476085403372915,-15.476059664299482
90.45112781954887,-15.476626142944886,-15.47657716620785
90.67669172932331,-15.477164391426738,-15.47709466811622
90.90225563909775,-15.477700159138184,-15.477612170024587
91.12781954887218,-15.478233456398934,-15.478129671932955
91.35338345864662,-15.4787642935287,-15.478647173841322
91.57894736842105,-15.479292680847198,-15.479164675749692
91.80451127819549,-15.479818628674135,-15.47968217765806
92.03007518796993,-15.480342147329225,-15.480199679566427
92.25563909774436,-15.480863247132175,-15.480717181474795
92.4812030075188,-15.481381938402706,-15.481234683383162
92.70676691729324,-15.48189823146052,-15.481752185291532
92.93233082706767,-15.482412136625333,-15.4822696871999
93.15789473684211,-15.482923664216857,-15.482787189108267
93.38345864661655,-15.483432824554804,-15.483304691016635
93.60902255639098,-15.483939627958886,-15.483822192925002
93.83458646616542,-15.484444084748812,-15.484339694833372
94.06015037593986,-15.484946205244295,-15.48485719674174
94.28571428571429,-15.48544599976505,-15.485374698650107
94.51127819548873,-15.485943478630782,-15.485892200558474
94.73684210526315,-15.48643865216121,-15.486409702466844
94.9624060150376,-15.48693153067604,-15.486927204375212
95.18796992481202,-15.487422124494987,-15.487402534644835
95.41353383458646,-15.487910443937762,-15.487869430586708
95.6390977443609,-15.488396499324077,-15.488336326528582
95.86466165413533,-15.48888030097364,-15.488803222470457
96.09022556390977,-15.48936185920617,-15.48927011841233
96.3157894736842,-15.48984118434137,-15.489737014354205
96.54135338345864,-15.490318286698962,-15.490203910296078
96.76691729323308,-15.490793176598647,-15.490670806237953
96.99248120300751,-15.491265864360143,-15.491137702179827
97.21804511278195,-15.491736360303161,-15.4916045981217
97.44360902255639,-15.492204674747413,-15.492071494063575
97.66917293233082,-15.492670818012607,-15.492538390005448
97.89473684210526,-15.493134800418462,-15.493005285947323
98.1203007518797,-15.493596632284682,-15.493472181889198
98.34586466165413,-15.494056323930982,-15.49393907783107
98.57142857142857,-15.494513885677073,-15.494405973772945
98.796992481203,-15.494969327842668,-15.494872869714818
99.02255639097744,-15.49542266074748,-15.495339765656693
99.24812030075188,-15.495873894711215,-15.495806661598568
99.47368421052632,-15.496323040053593,-15.496273557540441
99.69924812030075,-15.496770107094317,-15.496740453482316
99.92481203007519,-15.497215106153106,-15.497207349424189
100.15037593984962,-15.497658047490471,-15.497643823079308
100.37593984962406,-15.498098940678766,-15.49806508559105
100.6015037593985,-15.498537794846364,-15.49848634810279
100.82706766917293,-15.498974619114243,-15.498907610614532
101.05263157894737,-15.49940942260338,-15.499328873126274
101.2781954887218,-15.499842214434752,-15.499750135638013
101.50375939849624,-15.500273003729333,-15.500171398149755
101.72932330827068,-15.500701799608104,-15.500592660661496
101.95488721804512,-15.501128611192035,-15.501013923173238
102.18045112781955,-15.501553447602108,-15.50143518568498
102.40601503759399,-15.501976317959297,-15.501856448196719
102.63157894736842,-15.502397231384576,-15.50227771070846
102.85714285714286,-15.502816196998927,-15.502698973220202
103.0827067669173,-15.503233223923322,-15.503120235731943
103.30827067669173,-15.503648321278739,-15.503541498243685
103.53383458646617,-15.504061498186156,-15.503962760755426
103.7593984962406,-15.504472763766543,-15.504384023267166
103.98496240601503,-15.504882127140885,-15.504805285778907
104.21052631578948,-15.505289597430153,-15.505226548290649
104.4360902255639,-15.505695183755325,-15.50564781080239
104.66165413533835,-15.506098895237377,-15.506069073314132
104.88721804511277,-15.506500740997287,-15.506490335825873
105.11278195488721,-15.506900730129615,-15.506891019636162
105.33834586466165,-15.507298871121375,-15.507271124745001
105.56390977443608,-15.507695171852042,-15.50765122985384
105.78947368421052,-15.508089640174665,-15.508031334962679
106.01503759398496,-15.508482283942305,-15.508411440071518
106.2406015037594,-15.508873111008015,-15.508791545180356
106.46616541353383,-15.50926212922485,-15.509171650289195
106.69172932330827,-15.509649346445864,-15.509551755398034
106.9172932330827,-15.510034770524115,-15.509931860506873
107.14285714285714,-15.510418409312656,-15.510311965615712
107.36842105263158,-15.510800270664543,-15.51069207072455
107.59398496240601,-15.511180362432833,-15.511072175833391
107.81954887218045,-15.511558692470581,-15.51145228094223
108.04511278195488,-15.51193526863084,-15.511832386051069
108.27067669172932,-15.512310098766665,-15.512212491159907
108.49624060150376,-15.512683190731112,-15.512592596268746
108.7218045112782,-15.513054552377238,-15.512972701377585
108.94736842105263,-15.5134241915581,-15.513352806486424
109.17293233082707,-15.513792116126746,-15.513732911595262
109.3984962406015,-15.514158333936235,-15.514113016704101
109.62406015037594,-15.514522852839626,-15.51449312181294
109.84962406015038,-15.51488568068997,-15.514873226921779
110.07518796992481,-15.515246825332703,-15.515240900036712
110.30075187969925,-15.51560629415603,-15.515583709163833
110.52631578947368,-15.515964093839449,-15.515926518290954
110.75187969924812,-15.516320231001492,-15.516269327418074
110.97744360902256,-15.516674712260695,-15.516612136545195
111.203007518797,-15.517027544235589,-15.516954945672316
111.42857142857143,-15.517378733544712,-15.517297754799436
111.65413533834587,-15.517728286806594,-15.517640563926557
111.8796992481203,-15.518076210639775,-15.517983373053678
112.10526315789474,-15.51842251166278,-15.5183261821808
112.33082706766918,-15.51876719649415,-15.518668991307921
112.55639097744361,-15.519110271752416,-15.519011800435042
112.78195488721805,-15.519451744056113,-15.519354609562162
113.00751879699249,-15.519791620023772,-15.519697418689283
113.23308270676691,-15.520129906273931,-15.520040227816404
113.45864661654136,-15.520466609425121,-15.520383036943525
113.68421052631578,-15.52080173609588,-15.520725846070645
113.90977443609023,-15.521135292904738,-15.521068655197766
114.13533834586465,-15.521467286470228,-15.521411464324887
114.3609022556391,-15.521797723410886,-15.521754273452009
114.58646616541353,-15.522126610345246,-15.52209708257913
114.81203007518798,-15.52245395389184,-15.52243989170625
115.0375939849624,-15.522779760668307,-15.522777027827718
115.26315789473685,-15.523104036988073,-15.523085798920922
115.48872180451127,-15.523426788418853,-15.523394570014124
115.71428571428571,-15.52374802041618,-15.523703341107328
115.93984962406014,-15.5240677384356,-15.524012112200532
116.16541353383458,-15.52438594793265,-15.524320883293736
116.39097744360902,-15.524702654362871,-15.524629654386938
116.61654135338345,-15.525017863181802,-15.524938425480142
116.84210526315789,-15.525331579844984,-15.525247196573346
117.06766917293233,-15.525643809807956,-15.52555596766655
117.29323308270676,-15.525954558526257,-15.525864738759754
117.5187969924812,-15.52626383145543,-15.526173509852956
117.74436090225564,-15.526571634051013,-15.52648228094616
117.96992481203007,-15.526877971768545,-15.526791052039364
118.19548872180451,-15.52718285006357,-15.527099823132568
118.42105263157895,-15.527486274391624,-15.527408594225772
118.64661654135338,-15.527788250208248,-15.527717365318974
118.87218045112782,-15.52808878296898,-15.528026136412178
119.09774436090225,-15.528387878129365,-15.528334907505382
119.32330827067669,-15.528685541144936,-15.528643678598586
119.54887218045113,-15.52898177747124,-15.528952449691788
119.77443609022556,-15.529276592563813,-15.529261220784992
120.0,-15.529569991878196,-15.529569991878196
120.22556390977444,-15.529861980698799,-15.529847416732848
120.45112781954887,-15.530152563625512,-15.530124841587497
120.67669172932331,-15.530441745087101,-15.530402266442149
120.90225563909775,-15.530729529512323,-15.5306796912968
121.12781954887218,-15.531015921329942,-15.53095711615145
121.35338345864662,-15.53130092496872,-15.531234541006102
121.57894736842105,-15.531584544857422,-15.531511965860753
121.80451127819549,-15.531866785424802,-15.531789390715403
122.03007518796991,-15.532147651099631,-15.532066815570055
122.25563909774436,-15.532427146310663,-15.532344240424706
122.48120300751879,-15.532705275486665,-15.532621665279358
122.70676691729324,-15.532982043056396,-15.532899090134007
122.93233082706766,-15.53325745344862,-15.533176514988659
123.15789473684211,-15.533531511092097,-15.53345393984331
123.38345864661653,-15.533804220415592,-15.53373136469796
123.60902255639098,-15.534075585847862,-15.534008789552612
123.8345864661654,-15.534345611817672,-15.534286214407263
124.06015037593986,-15.534614302753782,-15.534563639261913
124.28571428571428,-15.534881663084958,-15.534841064116565
124.51127819548873,-15.535147697239958,-15.535118488971216
124.73684210526315,-15.535412409647543,-15.535395913825866
124.9624060150376,-15.535675804736481,-15.535673338680517
125.18796992481202,-15.535937886848373,-15.535926463511892
125.41353383458647,-15.536198659745464,-15.53617472833861
125.6390977443609,-15.536458126953628,-15.536422993165328
125.86466165413535,-15.536716291998049,-15.536671257992046
126.09022556390977,-15.536973158403912,-15.536919522818764
126.3157894736842,-15.5372287296964,-15.537167787645483
126.54135338345864,-15.537483009400697,-15.537416052472201
126.76691729323308,-15.537736001041985,-15.537664317298919
126.99248120300751,-15.537987708145451,-15.537912582125637
127.21804511278195,-15.538238134236275,-15.538160846952355
127.44360902255639,-15.538487282839645,-15.538409111779075
127.66917293233082,-15.53873515748074,-15.538657376605792
127.89473684210526,-15.538981761684747,-15.53890564143251
128.1203007518797,-15.539227098976848,-15.539153906259228
128.34586466165413,-15.539471172882227,-15.539402171085948
128.57142857142856,-15.539713986926067,-15.539650435912666
128.796992481203,-15.539955544633553,-15.539898700739384
129.02255639097746,-15.54019584952987,-15.540146965566102
129.24812030075188,-15.540434905140195,-15.54039523039282
129.4736842105263,-15.540672714989718,-15.54064349521954
129.69924812030075,-15.540909282603621,-15.540891760046257
129.9248120300752,-15.541144611507088,-15.541140024872975
130.15037593984962,-15.541378705189777,-15.541370014498368
130.37593984962405,-15.541611566728399,-15.541590866523098
130.6015037593985,-15.54184319893323,-15.541811718547827
130.82706766917295,-15.542073604610115,-15.542032570572557
131.05263157894737,-15.542302786564898,-15.542253422597286
131.2781954887218,-15.542530747603418,-15.542474274622016
131.50375939849624,-15.542757490531518,-15.542695126646745
131.72932330827066,-15.542983018155043,-15.542915978671475
131.95488721804512,-15.543207333279831,-15.543136830696204
132.18045112781954,-15.543430438711725,-15.543357682720934
132.406015037594,-15.54365233725657,-15.543578534745665
132.6315789473684,-15.543873031720207,-15.543799386770393
132.85714285714286,-15.544092524908473,-15.544020238795124
133.08270676691728,-15.544310819627219,-15.544241090819853
133.30827067669173,-15.544527918682281,-15.544461942844583
133.53383458646616,-15.5447438248795,-15.544682794869312
133.7593984962406,-15.544958541024725,-15.544903646894042
133.98496240601503,-15.54517206992379,-15.54512449891877
134.21052631578948,-15.545384414382545,-15.545345350943501
134.4360902255639,-15.545595577206827,-15.545566202968232
134.66165413533835,-15.54580556120248,-15.54578705499296
134.88721804511277,-15.546014369175342,-15.54600790701769
135.11278195488723,-15.546222003915554,-15.546215740564229
135.33834586466165,-15.546428467851968,-15.546410555632576
135.5639097744361,-15.546633763052162,-15.546605370700924
135.78947368421052,-15.546837891568003,-15.546800185769271
136.01503759398497,-15.547040855451362,-15.546995000837619
136.2406015037594,-15.547242656754108,-15.547189815905966
136.46616541353382,-15.547443297528106,-15.547384630974314
136.69172932330827,-15.547642779825233,-15.547579446042661
136.91729323308272,-15.547841105697351,-15.547774261111009
137.14285714285714,-15.548038277196332,-15.547969076179356
137.36842105263156,-15.548234296374044,-15.548163891247704
137.593984962406,-15.548429165282357,-15.548358706316051
137.81954887218046,-15.548622885973138,-15.548553521384399
138.04511278195488,-15.548815460498261,-15.548748336452746
138.2706766917293,-15.54900689090959,-15.548943151521094
138.49624060150376,-15.549197179258993,-15.549137966589441
138.7218045112782,-15.549386327598345,-15.54933278165779
138.94736842105263,-15.549574337979509,-15.549527596726138
139.17293233082705,-15.549761212454358,-15.549722411794486
139.3984962406015,-15.54994695307476,-15.549917226862833
139.62406015037595,-15.550131561892584,-15.55011204193118
139.84962406015038,-15.550315040959697,-15.550306856999528
140.0751879699248,-15.550497392326776,-15.550493344447418
140.30075187969925,-15.550678617972768,-15.550663176654389
140.5263157894737,-15.55085871976545,-15.550833008861362
140.75187969924812,-15.551037699563036,-15.551002841068335
140.97744360902254,-15.551215559223738,-15.551172673275309
141.203007518797,-15.551392300605771,-15.551342505482282
141.42857142857142,-15.551567925567346,-15.551512337689253
141.65413533834587,-15.55174243596668,-15.551682169896226
141.8796992481203,-15.551915833661983,-15.5518520021032
142.10526315789474,-15.552088120511469,-15.552021834310173
142.33082706766916,-15.552259298373352,-15.552191666517144
142.5563909774436,-15.552429369105846,-15.552361498724117
142.78195488721803,-15.552598334567161,-15.55253133093109
143.00751879699249,-15.552766196615517,-15.552701163138064
143.2330827067669,-15.55293295710912,-15.552870995345037
143.45864661654136,-15.553098617906185,-15.553040827552008
143.68421052631578,-15.55326318086493,-15.553210659758982
143.90977443609023,-15.553426647843564,-15.553380491965955
144.13533834586465,-15.553589020700299,-15.553550324172928
144.3609022556391,-15.553750301293354,-15.5537201563799
144.58646616541353,-15.553910491480938,-15.553889988586873
144.81203007518798,-15.554069593121264,-15.554059820793846
145.0375939849624,-15.554227608071963,-15.554225633695308
145.26315789473685,-15.554384537993002,-15.554371350069223
145.48872180451127,-15.55454038405981,-15.554517066443138
145.71428571428572,-15.554695147374925,-15.55466278281705
145.93984962406014,-15.55484882904089,-15.554808499190965
146.16541353383457,-15.555001430160248,-15.554954215564878
146.39097744360902,-15.555152951835538,-15.555099931938793
146.61654135338347,-15.555303395169306,-15.555245648312708
146.8421052631579,-15.555452761264092,-15.55539136468662
147.0676691729323,-15.555601051222439,-15.555537081060535
147.29323308270676,-15.555748266146884,-15.55568279743445
147.5187969924812,-15.555894407139975,-15.555828513808363
147.74436090225564,-15.55603947530425,-15.555974230182278
147.96992481203006,-15.556183471742253,-15.55611994655619
148.1954887218045,-15.556326397556527,-15.556265662930105
148.42105263157896,-15.556468253849609,-15.55641137930402
148.64661654135338,-15.556609041724046,-15.556557095677933
148.8721804511278,-15.556748762282375,-15.556702812051848
149.09774436090225,-15.556887416627143,-15.556848528425762
149.3233082706767,-15.557025005860888,-15.556994244799675
149.54887218045113,-15.557161531086155,-15.55713996117359
149.77443609022555,-15.557296993405485,-15.557285677547503
150.0,-15.557431393921417,-15.557431393921417
150.22556390977442,-15.557564733754184,-15.557553606783511
150.45112781954887,-15.557697014094755,-15.557675819645606
150.6766917293233,-15.557828236151796,-15.5577980325077
150.90225563909775,-15.557958401133961,-15.557920245369795
151.12781954887217,-15.55808751024992,-15.558042458231888
151.35338345864662,-15.558215564708325,-15.558164671093984
151.57894736842104,-15.558342565717842,-15.558286883956077
151.8045112781955,-15.55846851448713,-15.558409096818172
152.0300751879699,-15.558593412224846,-15.558531309680266
152.25563909774436,-15.558717260139659,-15.55865352254236
152.4812030075188,-15.558840059440222,-15.558775735404454
152.70676691729324,-15.558961811335198,-15.558897948266548
152.93233082706766,-15.559082517033252,-15.559020161128643
153.1578947368421,-15.559202177743039,-15.559142373990737
153.38345864661653,-15.559320794673221,-15.559264586852832
153.60902255639098,-15.559438369032462,-15.559386799714925
153.8345864661654,-15.559554902029415,-15.55950901257702
154.06015037593983,-15.55967039487275,-15.559631225439114
154.28571428571428,-15.559784848771121,-15.559753438301207
154.51127819548873,-15.559898264933192,-15.559875651163303
154.73684210526315,-15.560010644567624,-15.559997864025396
154.96240601503757,-15.560121988883076,-15.560120076887491
155.18796992481202,-15.56023229904016,-15.560223157158944
155.41353383458647,-15.560341575880079,-15.56032241091227
155.6390977443609,-15.560449820113721,-15.560421664665597
155.86466165413532,-15.5605570324516,-15.560520918418922
156.09022556390977,-15.560663213604219,-15.560620172172248
156.31578947368422,-15.560768364282092,-15.560719425925575
156.54135338345864,-15.560872485195729,-15.5608186796789
156.76691729323306,-15.560975577055638,-15.560917933432226
156.99248120300751,-15.561077640572327,-15.561017187185552
157.21804511278197,-15.561178676456308,-15.561116440938877
157.4436090225564,-15.561278685418086,-15.561215694692203
157.6691729323308,-15.561377668168177,-15.56131494844553
157.89473684210526,-15.561475625417087,-15.561414202198854
158.1203007518797,-15.561572557875323,-15.56151345595218
158.34586466165413,-15.561668466253398,-15.561612709705507
158.57142857142856,-15.56176335126182,-15.561711963458832
158.796992481203,-15.561857213611098,-15.561811217212158
159.02255639097746,-15.56195005401174,-15.561910470965485
159.24812030075188,-15.562041873174259,-15.56200972471881
159.4736842105263,-15.562132671809163,-15.562108978472136
159.69924812030075,-15.562222450626958,-15.562208232225462
159.9248120300752,-15.562311210338157,-15.562307485978787
160.15037593984962,-15.562398951657656,-15.56239169844901
160.37593984962405,-15.562485675351322,-15.562468390277681
160.6015037593985,-15.56257138221792,-15.562545082106352
160.82706766917295,-15.562656073056754,-15.562621773935023
161.05263157894737,-15.562739748667136,-15.562698465763694
161.2781954887218,-15.562822409848375,-15.562775157592364
161.50375939849624,-15.562904057399775,-15.562851849421035
161.7293233082707,-15.562984692120649,-15.562928541249706
161.95488721804512,-15.563064314810303,-15.563005233078378
162.18045112781954,-15.56314292626805,-15.56308192490705
162.406015037594,-15.563220527293193,-15.56315861673572
162.6315789473684,-15.56329711868504,-15.56323530856439
162.85714285714283,-15.563372701242907,-15.563312000393061
163.08270676691728,-15.563447275766094,-15.563388692221732
163.30827067669173,-15.563520843053917,-15.563465384050403
163.53383458646616,-15.56359340390568,-15.563542075879074
163.75939849624058,-15.56366495912069,-15.563618767707744
163.98496240601503,-15.563735509498258,-15.563695459536417
164.21052631578948,-15.563805055837694,-15.563772151365088
164.4360902255639,-15.563873598938304,-15.563848843193758
164.66165413533832,-15.5639411395994,-15.56392553502243
164.88721804511277,-15.564007678620285,-15.5640022268511
165.11278195488723,-15.564073216795425,-15.564067820925501
165.33834586466165,-15.564137754807746,-15.564122317245635
165.56390977443607,-15.564201293228658,-15.56417681356577
165.78947368421052,-15.564263832624713,-15.564231309885903
166.01503759398497,-15.564325373562466,-15.564285806206037
166.2406015037594,-15.56438591660848,-15.56434030252617
166.46616541353382,-15.564445462329303,-15.564394798846305
166.69172932330827,-15.564504011291493,-15.564449295166439
166.91729323308272,-15.564561564061608,-15.564503791486572
167.14285714285714,-15.564618121206205,-15.564558287806706
167.36842105263156,-15.564673683291833,-15.56461278412684
167.593984962406,-15.564728250885056,-15.564667280446974
167.81954887218046,-15.564781824552425,-15.564721776767108
168.04511278195488,-15.564834404860495,-15.564776273087242
168.2706766917293,-15.564885992375823,-15.564830769407376
168.49624060150376,-15.56493658766497,-15.564885265727508
168.7218045112782,-15.564986191294485,-15.564939762047642
168.94736842105263,-15.565034803830924,-15.564994258367776
169.17293233082705,-15.565082425840846,-15.56504875468791
169.3984962406015,-15.56512905789081,-15.565103251008043
169.62406015037595,-15.565174700547363,-15.565157747328177
169.84962406015038,-15.565219354377067,-15.565212243648311
170.0751879699248,-15.565263019944966,-15.565259433926537
170.30075187969925,-15.56530569772537,-15.565292012120945
170.5263157894737,-15.56534738805196,-15.565324590315353
170.75187969924812,-15.565388091246321,-15.565357168509761
170.97744360902254,-15.56542780763004,-15.56538974670417
171.203007518797,-15.565466537524696,-15.565422324898577
171.42857142857144,-15.565504281251874,-15.565454903092986
171.65413533834587,-15.565541039133157,-15.565487481287395
171.8796992481203,-15.565576811490132,-15.565520059481804
172.10526315789474,-15.56561159864438,-15.56555263767621
172.33082706766916,-15.565645400917484,-15.56558521587062
172.55639097744358,-15.565678218631028,-15.565617794065028
172.78195488721803,-15.565710052106597,-15.565650372259435
173.00751879699249,-15.565740901665777,-15.565682950453844
173.2330827067669,-15.565770767630143,-15.565715528648253
173.45864661654133,-15.565799650321289,-15.565748106842662
173.68421052631578,-15.565827550060794,-15.565780685037069
173.90977443609023,-15.565854467170242,-15.565813263231478
174.13533834586465,-15.565880401971214,-15.565845841425887
174.36090225563908,-15.565905354785297,-15.565878419620294
174.58646616541353,-15.565929325934075,-15.565910997814703
174.81203007518798,-15.56595231573913,-15.565943576009111
175.0375939849624,-15.565974324522047,-15.56597253086179
175.26315789473682,-15.565995352604409,-15.565983369005822
175.48872180451127,-15.566015400307798,-15.565994207149856
175.71428571428572,-15.5660344679538,-15.566005045293888
175.93984962406014,-15.566052555864,-15.56601588343792
176.16541353383457,-15.566069664359977,-15.566026721581954
176.39097744360902,-15.566085793763321,-15.566037559725986
176.61654135338347,-15.566100944395611,-15.56604839787002
176.8421052631579,-15.566115116578429,-15.566059236014052
177.0676691729323,-15.566128310633365,-15.566070074158086
177.29323308270676,-15.566140526881997,-15.566080912302118
177.5187969924812,-15.56615176564591,-15.56609175044615
177.74436090225564,-15.566162027246692,-15.566102588590184
177.96992481203006,-15.56617131200592,-15.566113426734216
178.1954887218045,-15.566179620245183,-15.56612426487825
178.42105263157896,-15.566186952286062,-15.566135103022281
178.64661654135338,-15.566193308450142,-15.566145941166313
178.8721804511278,-15.566198689059005,-15.566156779310347
179.09774436090225,-15.566203094434234,-15.56616761745438
179.3233082706767,-15.566206524897417,-15.566178455598413
179.54887218045113,-15.566208980770137,-15.566189293742445
179.77443609022555,-15.566210462373972,-15.566200131886479
180.0,-15.566210970030511,-15.566210970030511
