bond,spline,linear
0.9,-15.346488264218127,-15.346488264218127
0.9037593984962407,-15.351983247320302,-15.350863509600355
0.9075187969924812,-15.357383239687046,-15.355238754982583
0.9112781954887218,-15.362689157321537,-15.359614000364813
0.9150375939849624,-15.367901916226952,-15.36398924574704
0.9187969924812031,-15.373022432406472,-15.368364491129269
0.9225563909774436,-15.378051621863275,-15.372739736511496
0.9263157894736842,-15.382990400600535,-15.377114981893724
0.9300751879699248,-15.387839684621435,-15.381490227275952
0.9338345864661655,-15.392600389929152,-15.385865472658182
0.937593984962406,-15.397273432526859,-15.39024071804041
0.9413533834586466,-15.401859728417739,-15.394615963422638
0.9451127819548872,-15.406360193604968,-15.398991208804865
0.9488721804511279,-15.410775744091726,-15.403366454187093
0.9526315789473684,-15.41510729588119,-15.407741699569321
0.956390977443609,-15.419355764976537,-15.412116944951551
0.9601503759398496,-15.423522067380945,-15.416492190333779
0.9639097744360903,-15.427607119097592,-15.420867435716007
0.9676691729323308,-15.431611836129658,-15.425242681098235
0.9714285714285714,-15.43553713448032,-15.429617926480462
0.975187969924812,-15.439383930152754,-15.433993171862692
0.9789473684210527,-15.443153139150143,-15.43836841724492
0.9827067669172932,-15.44684567747566,-15.442743662627148
0.9864661654135338,-15.450462461132483,-15.447118908009376
0.9902255639097745,-15.454004406123794,-15.451494153391604
0.9939849624060151,-15.457472428452768,-15.455869398773833
0.9977443609022556,-15.460867444122583,-15.460244644156061
1.0015037593984961,-15.464190369136416,-15.463858692722948
1.0052631578947369,-15.46744211949745,-15.466330946066822
1.0090225563909774,-15.47062361120886,-15.468803199410697
1.0127819548872181,-15.473735760273822,-15.47127545275457
1.0165413533834586,-15.476779482695516,-15.473747706098445
1.0203007518796992,-15.47975569447712,-15.47621995944232
1.02406015037594,-15.482665311621814,-15.478692212786195
1.0278195488721804,-15.485509250132768,-15.48116446613007
1.0315789473684212,-15.48828842601317,-15.483636719473942
1.0353383458646617,-15.491003755266195,-15.486108972817817
1.0390977443609022,-15.493656153895019,-15.488581226161692
1.042857142857143,-15.496246537902818,-15.491053479505567
1.0466165413533834,-15.498775823292775,-15.493525732849442
1.050375939849624,-15.501244926068065,-15.495997986193315
1.0541353383458647,-15.503654762231868,-15.49847023953719
1.0578947368421052,-15.506006247787361,-15.500942492881064
1.0616541353383457,-15.508300298737721,-15.503414746224939
1.0654135338345865,-15.510537831086125,-15.505886999568814
1.069172932330827,-15.512719760835758,-15.508359252912687
1.0729323308270677,-15.514847003989788,-15.510831506256562
1.0766917293233083,-15.516920476551398,-15.513303759600436
1.0804511278195488,-15.51894109452377,-15.515776012944311
1.0842105263157895,-15.520909773910075,-15.518248266288186
1.08796992481203,-15.522827430713493,-15.52072051963206
1.0917293233082705,-15.524694980937204,-15.523192772975934
1.0954887218045113,-15.526513340584385,-15.525665026319809
1.0992481203007518,-15.528283425658216,-15.528137279663683
1.1030075187969923,-15.530006119630267,-15.529569675424039
1.106766917293233,-15.531682065543244,-15.530742106788512
1.1105263157894736,-15.533311798678913,-15.531914538152988
1.1142857142857143,-15.534895853810736,-15.533086969517463
1.1180451127819548,-15.53643476571218,-15.534259400881936
1.1218045112781954,-15.537929069156696,-15.535431832246411
1.125563909774436,-15.539379298917755,-15.536604263610887
1.1293233082706766,-15.540785989768812,-15.537776694975362
1.1330827067669174,-15.542149676483334,-15.538949126339835
1.1368421052631579,-15.54347089383478,-15.54012155770431
1.1406015037593984,-15.544750176596612,-15.541293989068786
1.1443609022556391,-15.545988059542292,-15.542466420433259
1.1481203007518797,-15.547185077445285,-15.543638851797734
1.1518796992481202,-15.548341765079044,-15.54481128316221
1.155639097744361,-15.54945865721704,-15.545983714526685
1.1593984962406014,-15.550536288632728,-15.547156145891158
1.163157894736842,-15.551575194099575,-15.548328577255633
1.1669172932330827,-15.55257590839104,-15.549501008620108
1.1706766917293232,-15.553538966280584,-15.550673439984582
1.174436090225564,-15.554464902541671,-15.551845871349057
1.1781954887218045,-15.555354251947763,-15.553018302713532
1.181954887218045,-15.556207549272319,-15.554190734078007
1.1857142857142857,-15.557025329288802,-15.55536316544248
1.1894736842105262,-15.557808126770672,-15.556535596806956
1.193233082706767,-15.558556476491393,-15.557708028171431
1.1969924812030075,-15.559270913224427,-15.558880459535905
1.200751879699248,-15.559951971548589,-15.559874151701719
1.2045112781954885,-15.560600144777721,-15.560152887072883
1.2082706766917293,-15.56121583415806,-15.560431622444048
1.2120300751879698,-15.5617994284785,-15.560710357815212
1.2157894736842105,-15.562351316527922,-15.560989093186375
1.219548872180451,-15.562871887095216,-15.56126782855754
1.2233082706766916,-15.563361528969274,-15.561546563928705
1.2270676691729323,-15.563820630938979,-15.56182529929987
1.2308270676691728,-15.56424958179322,-15.562104034671034
1.2345864661654136,-15.56464877032089,-15.562382770042198
1.238345864661654,-15.56501858531087,-15.562661505413363
1.2421052631578946,-15.56535941555205,-15.562940240784528
1.2458646616541353,-15.565671649833323,-15.563218976155692
1.2496240601503759,-15.565955676943572,-15.563497711526857
1.2533834586466166,-15.566211885671683,-15.563776446898022
1.2571428571428571,-15.566440664806551,-15.564055182269184
1.2609022556390976,-15.56664240313706,-15.564333917640349
1.2646616541353382,-15.566817489452095,-15.564612653011514
1.268421052631579,-15.56696631254055,-15.564891388382678
1.2721804511278194,-15.567089261191311,-15.565170123753843
1.2759398496240602,-15.567186724193265,-15.565448859125008
1.2796992481203007,-15.5672590903353,-15.565727594496172
1.2834586466165412,-15.567306748406304,-15.566006329867337
1.287218045112782,-15.567330087195167,-15.566285065238501
1.2909774436090224,-15.567329495490775,-15.566563800609666
1.2947368421052632,-15.567305362082015,-15.56684253598083
1.2984962406015037,-15.567258075757778,-15.567121271351994
1.3022556390977442,-15.567188020547542,-15.56702981893957
1.3060150375939847,-15.567095509265949,-15.566691574671422
1.3097744360902255,-15.566980799906306,-15.566353330403274
1.313533834586466,-15.566844149051738,-15.566015086135124
1.3172932330827067,-15.566685813285359,-15.565676841866976
1.3210526315789473,-15.566506049190286,-15.565338597598826
1.3248120300751878,-15.566305113349639,-15.565000353330678
1.3285714285714285,-15.566083262346535,-15.56466210906253
1.332330827067669,-15.565840752764093,-15.56432386479438
1.3360902255639098,-15.565577841185432,-15.563985620526232
1.3398496240601503,-15.565294784193666,-15.563647376258082
1.3436090225563908,-15.564991838371915,-15.563309131989934
1.3473684210526315,-15.5646692603033,-15.562970887721786
1.351127819548872,-15.564327306570933,-15.562632643453636
1.3548872180451128,-15.563966233757936,-15.562294399185488
1.3586466165413533,-15.563586298447426,-15.561956154917338
1.3624060150375938,-15.563187757222522,-15.56161791064919
1.3661654135338344,-15.56277086666634,-15.561279666381042
1.369924812030075,-15.562335883361998,-15.560941422112892
1.3736842105263156,-15.561883063892617,-15.560603177844744
1.3774436090225564,-15.561412664841312,-15.560264933576594
1.3812030075187969,-15.560924942791203,-15.559926689308446
1.3849624060150374,-15.560420154325405,-15.559588445040298
1.3887218045112781,-15.559898556027036,-15.559250200772148
1.3924812030075187,-15.55936040447922,-15.558911956504
1.3962406015037594,-15.558805956265068,-15.55857371223585
1.4,-15.558235467967702,-15.558235467967702
1.4037593984962404,-15.55764918693577,-15.557470848656445
1.407518796992481,-15.557047323580047,-15.556706229345188
1.4112781954887217,-15.55643007907684,-15.555941610033932
1.4150375939849624,-15.555797654602458,-15.555176990722675
1.418796992481203,-15.555150251333206,-15.554412371411418
1.4225563909774435,-15.554488070445393,-15.553647752100161
1.426315789473684,-15.553811313115324,-15.552883132788905
1.4300751879699247,-15.553120180519308,-15.552118513477646
1.4338345864661652,-15.552414873833651,-15.55135389416639
1.437593984962406,-15.55169559423466,-15.550589274855133
1.4413533834586465,-15.550962542898644,-15.549824655543876
1.445112781954887,-15.550215921001906,-15.54906003623262
1.4488721804511275,-15.549455929720759,-15.548295416921363
1.4526315789473683,-15.548682770231505,-15.547530797610106
1.456390977443609,-15.547896643710452,-15.54676617829885
1.4601503759398495,-15.547097751333908,-15.546001558987593
1.46390977443609,-15.54628629427818,-15.545236939676336
1.4676691729323306,-15.545462473719578,-15.54447232036508
1.4714285714285713,-15.544626490834403,-15.543707701053822
1.475187969924812,-15.543778546798967,-15.542943081742566
1.4789473684210526,-15.542918842789575,-15.542178462431309
1.482706766917293,-15.542047579982533,-15.541413843120052
1.4864661654135336,-15.541164959554152,-15.540649223808794
1.4902255639097743,-15.540271182680733,-15.539884604497537
1.4939849624060149,-15.53936645053859,-15.53911998518628
1.4977443609022556,-15.538450964304028,-15.538355365875024
1.5015037593984961,-15.53752492371558,-15.537473389666777
1.5052631578947366,-15.53658847261847,-15.536415378113048
1.5090225563909772,-15.53564168225053,-15.53535736655932
1.512781954887218,-15.534684618997112,-15.534299355005588
1.5165413533834586,-15.53371734924357,-15.53324134345186
1.5203007518796992,-15.532739939375256,-15.53218333189813
1.5240601503759397,-15.531752455777532,-15.5311253203444
1.5278195488721802,-15.530754964835749,-15.53006730879067
1.531578947368421,-15.52974753293526,-15.529009297236941
1.5353383458646614,-15.52873022646142,-15.52795128568321
1.5390977443609022,-15.527703111799584,-15.526893274129481
1.5428571428571427,-15.526666255335108,-15.525835262575752
1.5466165413533832,-15.525619723453346,-15.524777251022021
1.5503759398496237,-15.52456358253965,-15.523719239468292
1.5541353383458645,-15.523497898979379,-15.522661227914563
1.5578947368421052,-15.522422739157882,-15.521603216360832
1.5616541353383457,-15.521338169460519,-15.520545204807103
1.5654135338345863,-15.520244256272642,-15.519487193253372
1.5691729323308268,-15.519141065979605,-15.518429181699643
1.5729323308270675,-15.518028664966765,-15.517371170145914
1.5766917293233083,-15.516907119619475,-15.516313158592183
1.5804511278195488,-15.515776496323086,-15.515255147038454
1.5842105263157893,-15.514636861462959,-15.514197135484725
1.5879699248120298,-15.513488281424447,-15.513139123930994
1.5917293233082705,-15.512330822592903,-15.512081112377265
1.595488721804511,-15.511164551353682,-15.511023100823536
1.5992481203007518,-15.509989534092135,-15.509965089269805
1.6030075187969923,-15.508805860448394,-15.508748367179187
1.6067669172932328,-15.507613791929861,-15.507491967454346
1.6105263157894734,-15.50641366707538,-15.506235567729506
1.614285714285714,-15.505205824787136,-15.504979168004665
1.6180451127819548,-15.503990603967319,-15.503722768279824
1.6218045112781954,-15.502768343518126,-15.502466368554984
1.6255639097744359,-15.501539382341742,-15.501209968830143
1.6293233082706764,-15.500304059340362,-15.499953569105301
1.6330827067669171,-15.499062713416173,-15.498697169380462
1.6368421052631577,-15.497815683471373,-15.49744076965562
1.6406015037593984,-15.496563308408149,-15.496184369930779
1.644360902255639,-15.495305927128692,-15.49492797020594
1.6481203007518794,-15.494043878535193,-15.493671570481098
1.65187969924812,-15.492777501529845,-15.492415170756257
1.6556390977443607,-15.491507135014837,-15.491158771031415
1.6593984962406014,-15.490233117892362,-15.489902371306576
1.663157894736842,-15.488955789064612,-15.488645971581734
1.6669172932330825,-15.487675487433773,-15.487389571856893
1.670676691729323,-15.486392551902041,-15.486133172132053
1.6744360902255637,-15.485107321371606,-15.484876772407212
1.6781954887218045,-15.483820134744658,-15.48362037268237
1.681954887218045,-15.48253133092339,-15.48236397295753
1.6857142857142855,-15.481241248809994,-15.48110757323269
1.689473684210526,-15.47995022730666,-15.479851173507848
1.6932330827067668,-15.478658605315575,-15.478594773783009
1.6969924812030073,-15.477366721738935,-15.477338374058167
1.700751879699248,-15.476074913918158,-15.476056219550365
1.7045112781954885,-15.474783188311251,-15.474671045910723
1.708270676691729,-15.473490813131617,-15.473285872271079
1.7120300751879696,-15.472196956703323,-15.471900698631435
1.7157894736842103,-15.470900787350441,-15.470515524991791
1.719548872180451,-15.46960147339704,-15.469130351352147
1.7233082706766916,-15.468298183167189,-15.467745177712505
1.727067669172932,-15.46699008498496,-15.466360004072861
1.7308270676691726,-15.465676347174421,-15.464974830433217
1.7345864661654133,-15.464356138059644,-15.463589656793573
1.738345864661654,-15.463028625964695,-15.46220448315393
1.7421052631578946,-15.461692979213648,-15.460819309514285
1.7458646616541351,-15.460348366130573,-15.459434135874643
1.7496240601503756,-15.458993955039533,-15.458048962234999
1.7533834586466162,-15.457628914264607,-15.456663788595355
1.757142857142857,-15.456252412129858,-15.455278614955711
1.7609022556390976,-15.454863616959361,-15.453893441316067
1.7646616541353382,-15.45346169707718,-15.452508267676425
1.7684210526315787,-15.452045820807392,-15.451123094036781
1.7721804511278192,-15.45061515647406,-15.449737920397137
1.77593984962406,-15.449168872401257,-15.448352746757493
1.7796992481203007,-15.447706136913053,-15.446967573117849
1.7834586466165412,-15.44622611833352,-15.445582399478205
1.7872180451127817,-15.444727984986724,-15.444197225838563
1.7909774436090222,-15.443210905196734,-15.442812052198919
1.794736842105263,-15.441674047287625,-15.441426878559275
1.7984962406015035,-15.44011657958346,-15.440041704919631
1.8022556390977442,-15.438537823931277,-15.438610756832901
1.8060150375939847,-15.436939399336467,-15.437149292448112
1.8097744360902253,-15.43532469316148,-15.435687828063323
1.8135338345864658,-15.43369713825706,-15.434226363678533
1.8172932330827065,-15.432060167473939,-15.432764899293744
1.8210526315789473,-15.43041721366286,-15.431303434908955
1.8248120300751878,-15.428771709674562,-15.429841970524166
1.8285714285714283,-15.427127088359775,-15.428380506139376
1.8323308270676688,-15.425486782569246,-15.426919041754587
1.8360902255639096,-15.423854225153708,-15.425457577369798
1.8398496240601503,-15.4222328489639,-15.423996112985009
1.8436090225563908,-15.420626086850557,-15.42253464860022
1.8473684210526313,-15.419037371664423,-15.42107318421543
1.8511278195488718,-15.417470136256233,-15.419611719830641
1.8548872180451126,-15.415927813476722,-15.418150255445852
1.858646616541353,-15.414413836176632,-15.416688791061063
1.8624060150375938,-15.4129316372067,-15.415227326676273
1.8661654135338344,-15.411484649417662,-15.413765862291486
1.8699248120300749,-15.410076305660258,-15.412304397906697
1.8736842105263154,-15.408710038785225,-15.410842933521907
1.8774436090225561,-15.407389281643303,-15.409381469137118
1.8812030075187969,-15.406117467085226,-15.407920004752329
1.8849624060150374,-15.404898027961735,-15.40645854036754
1.888721804511278,-15.403734397123568,-15.40499707598275
1.8924812030075184,-15.402630007421461,-15.403535611597961
1.8962406015037592,-15.401588291706153,-15.402074147213172
1.8999999999999997,-15.400612682828383,-15.400612682828383
1.9037593984962404,-15.399705217609496,-15.400013199595627
1.907518796992481,-15.398862348753275,-15.399413716362872
1.9112781954887215,-15.398079132934107,-15.398814233130116
1.915037593984962,-15.397350626826388,-15.398214749897361
1.918796992481203,-15.396671887104503,-15.397615266664605
1.9225563909774435,-15.396037970442848,-15.397015783431849
1.926315789473684,-15.395443933515807,-15.396416300199094
1.9300751879699245,-15.394884832997773,-15.395816816966338
1.933834586466165,-15.394355725563141,-15.395217333733582
1.9375939849624055,-15.393851667886295,-15.394617850500827
1.9413533834586465,-15.393367716641627,-15.394018367268071
1.945112781954887,-15.392898928503529,-15.393418884035317
1.9488721804511275,-15.392440360146393,-15.39281940080256
1.952631578947368,-15.391987068244605,-15.392219917569804
1.9563909774436086,-15.391534109472557,-15.39162043433705
1.9601503759398495,-15.391076540504642,-15.391020951104293
1.96390977443609,-15.390609418015245,-15.390421467871539
1.9676691729323306,-15.390127798678762,-15.389821984638782
1.971428571428571,-15.38962673916958,-15.389222501406026
1.9751879699248116,-15.389101296162092,-15.388623018173272
1.9789473684210526,-15.388546526330686,-15.388023534940515
1.982706766917293,-15.387957486349753,-15.38742405170776
1.9864661654135336,-15.387329232893684,-15.386824568475005
1.9902255639097741,-15.38665682263687,-15.386225085242248
1.9939849624060146,-15.385935312253698,-15.385625602009494
1.9977443609022552,-15.385159758418563,-15.385026118776738
2.001503759398496,-15.384325303292202,-15.384145500053044
2.0052631578947366,-15.383430412317232,-15.382843178092946
2.009022556390977,-15.38247786799696,-15.381540856132847
2.0127819548872177,-15.38147074135113,-15.380238534172749
2.016541353383458,-15.380412103399483,-15.37893621221265
2.020300751879699,-15.379305025161761,-15.37763389025255
2.0240601503759397,-15.378152577657708,-15.376331568292452
2.02781954887218,-15.376957831907065,-15.375029246332353
2.0315789473684207,-15.375723858929577,-15.373726924372255
2.0353383458646612,-15.374453729744982,-15.372424602412156
2.0390977443609017,-15.373150515373027,-15.371122280452058
2.0428571428571427,-15.371817286833451,-15.36981995849196
2.0466165413533832,-15.370457115145998,-15.368517636531859
2.0503759398496237,-15.369073071330408,-15.36721531457176
2.0541353383458643,-15.367668226406428,-15.365912992611662
2.0578947368421048,-15.366245651393799,-15.364610670651563
2.0616541353383457,-15.364808417312258,-15.363308348691465
2.0654135338345863,-15.363359595181553,-15.362006026731367
2.0691729323308268,-15.361902256021427,-15.360703704771268
2.0729323308270673,-15.360439470851619,-15.359401382811168
2.076691729323308,-15.35897431069187,-15.35809906085107
2.0804511278195488,-15.357509846561928,-15.35679673889097
2.0842105263157893,-15.35604914948153,-15.355494416930872
2.08796992481203,-15.354595290470424,-15.354192094970774
2.0917293233082703,-15.353151340548347,-15.352889773010675
2.095488721804511,-15.351720370735045,-15.351587451050577
2.0992481203007514,-15.350305452050256,-15.350285129090476
2.1030075187969923,-15.348909330831399,-15.349043840099206
2.106766917293233,-15.347532353810557,-15.347817809350143
2.1105263157894734,-15.346173792209601,-15.34659177860108
2.114285714285714,-15.344832912177251,-15.345365747852018
2.1180451127819544,-15.343508979862214,-15.344139717102955
2.1218045112781954,-15.342201261413202,-15.34291368635389
2.125563909774436,-15.340909022978929,-15.341687655604828
2.1293233082706764,-15.339631530708107,-15.340461624855765
2.133082706766917,-15.338368050749448,-15.339235594106702
2.1368421052631574,-15.337117849251664,-15.338009563357637
2.140601503759398,-15.33588019236347,-15.336783532608575
2.144360902255639,-15.334654346233577,-15.335557501859512
2.1481203007518794,-15.333439577010694,-15.334331471110449
2.15187969924812,-15.332235150843537,-15.333105440361384
2.1556390977443605,-15.33104033388082,-15.331879409612322
2.159398496240601,-15.32985439227125,-15.330653378863259
2.163157894736842,-15.328676592163545,-15.329427348114196
2.1669172932330825,-15.327506199706415,-15.328201317365131
2.170676691729323,-15.32634248104857,-15.326975286616069
2.1744360902255635,-15.325184702338728,-15.325749255867006
2.178195488721804,-15.324032129725595,-15.324523225117943
2.181954887218045,-15.322884029357887,-15.323297194368878
2.1857142857142855,-15.321739667384318,-15.322071163619816
2.189473684210526,-15.320598309953596,-15.320845132870753
2.1932330827067665,-15.319459223214439,-15.31961910212169
2.196992481203007,-15.31832167331555,-15.318393071372627
2.2007518796992476,-15.317184927687892,-15.31719087079066
2.2045112781954885,-15.316048525597212,-15.316083990877077
2.208270676691729,-15.314912612808609,-15.314977110963495
2.2120300751879696,-15.313777417150513,-15.313870231049915
2.21578947368421,-15.31264316645136,-15.312763351136333
2.2195488721804506,-15.31151008853958,-15.31165647122275
2.2233082706766916,-15.310378411243608,-15.310549591309169
2.227067669172932,-15.309248362391878,-15.309442711395587
2.2308270676691726,-15.30812016981282,-15.308335831482005
2.234586466165413,-15.306994061334871,-15.307228951568423
2.2383458646616536,-15.305870264786456,-15.306122071654842
2.242105263157894,-15.304749007996016,-15.30501519174126
2.245864661654135,-15.303630518791982,-15.303908311827678
2.2496240601503756,-15.302515025002785,-15.302801431914096
2.253383458646616,-15.301402754456861,-15.301694552000514
2.2571428571428567,-15.300293934982635,-15.300587672086932
2.260902255639097,-15.299188794408549,-15.29948079217335
2.264661654135338,-15.298087560563033,-15.298373912259768
2.2684210526315787,-15.29699046127452,-15.297267032346188
2.272180451127819,-15.295897724371441,-15.296160152432606
2.2759398496240597,-15.29480957768223,-15.295053272519024
2.2796992481203002,-15.29372624903532,-15.293946392605442
2.283458646616541,-15.292647966259146,-15.29283951269186
2.2872180451127817,-15.291574957182139,-15.291732632778277
2.2909774436090222,-15.29050744963273,-15.290625752864695
2.2947368421052627,-15.289445671439355,-15.289518872951113
2.2984962406015033,-15.288389850430443,-15.288411993037533
2.3022556390977438,-15.287340214434433,-15.287405280386528
2.3060150375939847,-15.286296991279753,-15.286465345910576
2.3097744360902253,-15.285260408794839,-15.285525411434625
2.3135338345864658,-15.28423069480812,-15.284585476958673
2.3172932330827063,-15.283208077148034,-15.28364554248272
2.321052631578947,-15.282192783643008,-15.282705608006768
2.3248120300751878,-15.281185042121482,-15.281765673530817
2.3285714285714283,-15.280185080411883,-15.280825739054865
2.332330827067669,-15.279193126342644,-15.279885804578914
2.3360902255639093,-15.278209407742203,-15.27894587010296
2.33984962406015,-15.277234152438986,-15.278005935627009
2.3436090225563904,-15.276267588261433,-15.277066001151058
2.3473684210526313,-15.275309943037973,-15.276126066675106
2.351127819548872,-15.274361444597037,-15.275186132199154
2.3548872180451124,-15.273422320767065,-15.274246197723201
2.358646616541353,-15.272492799376481,-15.27330626324725
2.3624060150375934,-15.271573108253724,-15.272366328771298
2.3661654135338344,-15.270663475227225,-15.271426394295347
2.369924812030075,-15.269764128125416,-15.270486459819395
2.3736842105263154,-15.268875294776732,-15.269546525343442
2.377443609022556,-15.267997203009607,-15.26860659086749
2.3812030075187964,-15.26713008065247,-15.267666656391539
2.3849624060150374,-15.266274155533754,-15.266726721915587
2.388721804511278,-15.265429655481896,-15.265786787439636
2.3924812030075184,-15.264596808325324,-15.264846852963682
2.396240601503759,-15.263775841892473,-15.26390691848773
2.3999999999999995,-15.26296698401178,-15.26296698401178
