bond,polynomial,linear
0.9,-15.346488264217994,-15.346488264218127
0.9037593984962407,-15.421979140567805,-15.350863509600355
0.9075187969924812,-15.480963462204636,-15.355238754982583
0.9112781954887218,-15.525918727095274,-15.359614000364813
0.9150375939849624,-15.559034980603881,-15.36398924574704
0.9187969924812031,-15.582241958792892,-15.368364491129269
0.9225563909774436,-15.597234098904384,-15.372739736511496
0.9263157894736842,-15.605493557610703,-15.377114981893724
0.9300751879699248,-15.608311369847303,-15.381490227275952
0.9338345864661655,-15.60680687363645,-15.385865472658182
0.937593984962406,-15.601945519234112,-15.39024071804041
0.9413533834586466,-15.594555174200712,-15.394615963422638
0.9451127819548872,-15.585341029574316,-15.398991208804865
0.9488721804511279,-15.574899206211215,-15.403366454187093
0.9526315789473684,-15.563729154539926,-15.407741699569321
0.956390977443609,-15.55224493543796,-15.412116944951551
0.9601503759398496,-15.540785464672469,-15.416492190333779
0.9639097744360903,-15.529623798343405,-15.420867435716007
0.9676691729323308,-15.518975532008964,-15.425242681098235
0.9714285714285714,-15.50900638165983,-15.429617926480462
0.975187969924812,-15.499839010420608,-15.433993171862692
0.9789473684210527,-15.491559160792816,-15.43836841724492
0.9827067669172932,-15.484221148398747,-15.442743662627148
0.9864661654135338,-15.477852769533747,-15.447118908009376
0.9902255639097745,-15.47245967137643,-15.451494153391604
0.9939849624060151,-15.468029230433713,-15.455869398773833
0.9977443609022556,-15.46453398170258,-15.460244644156061
1.0015037593984961,-15.461934638104776,-15.463858692722948
1.0052631578947369,-15.460182736987742,-15.466330946066822
1.0090225563909774,-15.459222947876968,-15.468803199410697
1.0127819548872181,-15.45899507320522,-15.47127545275457
1.0165413533834586,-15.459435771424701,-15.473747706098445
1.0203007518796992,-15.460480029725646,-15.47621995944232
1.02406015037594,-15.462062411528526,-15.478692212786195
1.0278195488721804,-15.464118101985667,-15.48116446613007
1.0315789473684212,-15.466583772911564,-15.483636719473942
1.0353383458646617,-15.469398286857558,-15.486108972817817
1.0390977443609022,-15.472503258447288,-15.488581226161692
1.042857142857143,-15.475843489592366,-15.491053479505567
1.0466165413533834,-15.47936729380463,-15.493525732849442
1.050375939849624,-15.48302672351123,-15.495997986193315
1.0541353383458647,-15.486777713052955,-15.49847023953719
1.0578947368421052,-15.49058014890424,-15.500942492881064
1.0616541353383457,-15.494397877587483,-15.503414746224939
1.0654135338345865,-15.498198660762576,-15.505886999568814
1.069172932330827,-15.501954086051272,-15.508359252912687
1.0729323308270677,-15.505639441299259,-15.510831506256562
1.0766917293233083,-15.509233559185457,-15.513303759600436
1.0804511278195488,-15.512718638353352,-15.515776012944311
1.0842105263157895,-15.516080046559829,-15.518248266288186
1.08796992481203,-15.519306110710025,-15.52072051963206
1.0917293233082705,-15.522387898069795,-15.523192772975934
1.0954887218045113,-15.525318992415988,-15.525665026319809
1.0992481203007518,-15.528095268398012,-15.528137279663683
1.1030075187969923,-15.530714666937781,-15.529569675424039
1.106766917293233,-15.533176974088008,-15.530742106788512
1.1105263157894736,-15.535483605397154,-15.531914538152988
1.1142857142857143,-15.537637397492249,-15.533086969517463
1.1180451127819548,-15.539642408284772,-15.534259400881936
1.1218045112781954,-15.541503726928878,-15.535431832246411
1.125563909774436,-15.543227294412464,-15.536604263610887
1.1293233082706766,-15.544819735438987,-15.537776694975362
1.1330827067669174,-15.546288202058959,-15.538949126339835
1.1368421052631579,-15.54764022933337,-15.54012155770431
1.1406015037593984,-15.54888360315532,-15.541293989068786
1.1443609022556391,-15.550026240219186,-15.542466420433259
1.1481203007518797,-15.551076080007235,-15.543638851797734
1.1518796992481202,-15.552040988560645,-15.54481128316221
1.155639097744361,-15.55292867371364,-15.545983714526685
1.1593984962406014,-15.553746611395171,-15.547156145891158
1.163157894736842,-15.554501982540591,-15.548328577255633
1.1669172932330827,-15.555201620105588,-15.549501008620108
1.1706766917293232,-15.5558519656345,-15.550673439984582
1.174436090225564,-15.556459034804853,-15.551845871349057
1.1781954887218045,-15.557028391348009,-15.553018302713532
1.181954887218045,-15.55756512873154,-15.554190734078007
1.1857142857142857,-15.558073858981805,-15.55536316544248
1.1894736842105262,-15.55855870802397,-15.556535596806956
1.193233082706767,-15.559023316921062,-15.557708028171431
1.1969924812030075,-15.559470848402825,-15.558880459535905
1.200751879699248,-15.559903998088398,-15.559874151701719
1.2045112781954885,-15.560325009823853,-15.560152887072883
1.2082706766917293,-15.56073569457565,-15.560431622444048
1.2120300751879698,-15.561137452343772,-15.560710357815212
1.2157894736842105,-15.561531296583139,-15.560989093186375
1.219548872180451,-15.561917880648492,-15.56126782855754
1.2233082706766916,-15.562297525805969,-15.561546563928705
1.2270676691729323,-15.56267025038355,-15.56182529929987
1.2308270676691728,-15.563035799662325,-15.562104034671034
1.2345864661654136,-15.563393676140665,-15.562382770042198
1.238345864661654,-15.563743169833668,-15.562661505413363
1.2421052631578946,-15.564083388300546,-15.562940240784528
1.2458646616541353,-15.564413286122505,-15.563218976155692
1.2496240601503759,-15.564731693583186,-15.563497711526857
1.2533834586466166,-15.565037344332525,-15.563776446898022
1.2571428571428571,-15.565328901842982,-15.564055182269184
1.2609022556390976,-15.565604984494136,-15.564333917640349
1.2646616541353382,-15.565864189147797,-15.564612653011514
1.268421052631579,-15.566105113100694,-15.564891388382678
1.2721804511278194,-15.566326374325572,-15.565170123753843
1.2759398496240602,-15.566526629934055,-15.565448859125008
1.2796992481203007,-15.566704592815723,-15.565727594496172
1.2834586466165412,-15.566859046427764,-15.566006329867337
1.287218045112782,-15.566988857727887,-15.566285065238501
1.2909774436090224,-15.56709298826034,-15.566563800609666
1.2947368421052632,-15.56717050342037,-15.56684253598083
1.2984962406015037,-15.567220579936793,-15.567121271351994
1.3022556390977442,-15.567242511625128,-15.56702981893957
1.3060150375939847,-15.567235713475242,-15.566691574671422
1.3097744360902255,-15.567199724147502,-15.566353330403274
1.313533834586466,-15.56713420696037,-15.566015086135124
1.3172932330827067,-15.567038949459718,-15.565676841866976
1.3210526315789473,-15.566913861666611,-15.565338597598826
1.3248120300751878,-15.566758973105262,-15.565000353330678
1.3285714285714285,-15.566574428716903,-15.56466210906253
1.332330827067669,-15.56636048376815,-15.56432386479438
1.3360902255639098,-15.5661174978643,-15.563985620526232
1.3398496240601503,-15.565845928178806,-15.563647376258082
1.3436090225563908,-15.565546322010217,-15.563309131989934
1.3473684210526315,-15.565219308776829,-15.562970887721786
1.351127819548872,-15.56486559155773,-15.562632643453636
1.3548872180451128,-15.564485938286367,-15.562294399185488
1.3586466165413533,-15.564081172699721,-15.561956154917338
1.3624060150375938,-15.563652165142454,-15.56161791064919
1.3661654135338344,-15.563199823321114,-15.561279666381042
1.369924812030075,-15.562725083098762,-15.560941422112892
1.3736842105263156,-15.562228899415189,-15.560603177844744
1.3774436090225564,-15.561712237412392,-15.560264933576594
1.3812030075187969,-15.561176063839113,-15.559926689308446
1.3849624060150374,-15.560621338802141,-15.559588445040298
1.3887218045112781,-15.560049007925828,-15.559250200772148
1.3924812030075187,-15.559459994974778,-15.558911956504
1.3962406015037594,-15.558855194988185,-15.55857371223585
1.4,-15.558235467967682,-15.558235467967702
1.4037593984962404,-15.557601633154011,-15.557470848656445
1.407518796992481,-15.556954463921272,-15.556706229345188
1.4112781954887217,-15.556294683311055,-15.555941610033932
1.4150375939849624,-15.555622960222449,-15.555176990722675
1.418796992481203,-15.554939906267707,-15.554412371411418
1.4225563909774435,-15.554246073297437,-15.553647752100161
1.426315789473684,-15.553541951593346,-15.552883132788905
1.4300751879699247,-15.552827968721123,-15.552118513477646
1.4338345864661652,-15.55210448903079,-15.55135389416639
1.437593984962406,-15.5513718137869,-15.550589274855133
1.4413533834586465,-15.550630181906389,-15.549824655543876
1.445112781954887,-15.549879771277558,-15.54906003623262
1.4488721804511275,-15.549120700629793,-15.548295416921363
1.4526315789473683,-15.548353031919985,-15.547530797610106
1.456390977443609,-15.547576773198518,-15.54676617829885
1.4601503759398495,-15.546791881914796,-15.546001558987593
1.46390977443609,-15.545998268619904,-15.545236939676336
1.4676691729323306,-15.545195801021935,-15.54447232036508
1.4714285714285713,-15.54438430834788,-15.543707701053822
1.475187969924812,-15.543563585964709,-15.542943081742566
1.4789473684210526,-15.542733400211372,-15.542178462431309
1.482706766917293,-15.541893493392989,-15.541413843120052
1.4864661654135336,-15.541043588888305,-15.540649223808794
1.4902255639097743,-15.540183396321783,-15.539884604497537
1.4939849624060149,-15.53931261675218,-15.53911998518628
1.4977443609022556,-15.5384309478305,-15.538355365875024
1.5015037593984961,-15.537538088881295,-15.537473389666777
1.5052631578947366,-15.536633745862957,-15.536415378113048
1.5090225563909772,-15.53571763616438,-15.53535736655932
1.512781954887218,-15.534789493197517,-15.534299355005588
1.5165413533834586,-15.533849070747682,-15.53324134345186
1.5203007518796992,-15.53289614704604,-15.53218333189813
1.5240601503759397,-15.531930528531541,-15.5311253203444
1.5278195488721802,-15.530952053272475,-15.53006730879067
1.531578947368421,-15.529960594021057,-15.529009297236941
1.5353383458646614,-15.528956060877682,-15.52795128568321
1.5390977443609022,-15.527938403544955,-15.526893274129481
1.5428571428571427,-15.52690761315506,-15.525835262575752
1.5466165413533832,-15.525863723657713,-15.524777251022021
1.5503759398496237,-15.524806812759483,-15.523719239468292
1.5541353383458645,-15.523737002409037,-15.522661227914563
1.5578947368421052,-15.522654458826468,-15.521603216360832
1.5616541353383457,-15.52155939207859,-15.520545204807103
1.5654135338345863,-15.520452055205649,-15.519487193253372
1.5691729323308268,-15.519332742908517,-15.518429181699643
1.5729323308270675,-15.518201789808872,-15.517371170145914
1.5766917293233083,-15.517059568298263,-15.516313158592183
1.5804511278195488,-15.515906485995204,-15.515255147038454
1.5842105263157893,-15.514742982832555,-15.514197135484725
1.5879699248120298,-15.513569527800392,-15.513139123930994
1.5917293233082705,-15.512386615372323,-15.512081112377265
1.595488721804511,-15.5111947616458,-15.511023100823536
1.5992481203007518,-15.509994500229341,-15.509965089269805
1.6030075187969923,-15.508786377911667,-15.508748367179187
1.6067669172932328,-15.507570950149725,-15.507491967454346
1.6105263157894734,-15.506348776414184,-15.506235567729506
1.614285714285714,-15.505120415432355,-15.504979168004665
1.6180451127819548,-15.503886420369662,-15.503722768279824
1.6218045112781954,-15.502647333991616,-15.502466368554984
1.6255639097744359,-15.501403683848759,-15.501209968830143
1.6293233082706764,-15.500155977527415,-15.499953569105301
1.6330827067669171,-15.498904698008987,-15.498697169380462
1.6368421052631577,-15.497650299180266,-15.49744076965562
1.6406015037593984,-15.496393201536627,-15.496184369930779
1.644360902255639,-15.495133788119082,-15.49492797020594
1.6481203007518794,-15.493872400724978,-15.493671570481098
1.65187969924812,-15.49260933643069,-15.492415170756257
1.6556390977443607,-15.49134484446288,-15.491158771031415
1.6593984962406014,-15.490079123452922,-15.489902371306576
1.663157894736842,-15.488812319106783,-15.488645971581734
1.6669172932330825,-15.487544522320151,-15.487389571856893
1.670676691729323,-15.486275767765795,-15.486133172132053
1.6744360902255637,-15.485006032977218,-15.484876772407212
1.6781954887218045,-15.483735237949345,-15.48362037268237
1.681954887218045,-15.482463245273701,-15.48236397295753
1.6857142857142855,-15.481189860821846,-15.48110757323269
1.689473684210526,-15.479914834987133,-15.479851173507848
1.6932330827067668,-15.478637864490954,-15.478594773783009
1.6969924812030073,-15.477358594755588,-15.477338374058167
1.700751879699248,-15.476076622841664,-15.476056219550365
1.7045112781954885,-15.474791500944043,-15.474671045910723
1.708270676691729,-15.473502740435638,-15.473285872271079
1.7120300751879696,-15.4722098164444,-15.471900698631435
1.7157894736842103,-15.470912172944377,-15.470515524991791
1.719548872180451,-15.469609228337486,-15.469130351352147
1.7233082706766916,-15.468300381498278,-15.467745177712505
1.727067669172932,-15.46698501824992,-15.466360004072861
1.7308270676691726,-15.465662518235378,-15.464974830433217
1.7345864661654133,-15.464332262143852,-15.463589656793573
1.738345864661654,-15.46299363924867,-15.46220448315393
1.7421052631578946,-15.46164605520913,-15.460819309514285
1.7458646616541351,-15.460288940085292,-15.459434135874643
1.7496240601503756,-15.458921756511485,-15.458048962234999
1.7533834586466162,-15.45754400797122,-15.456663788595355
1.757142857142857,-15.456155247113454,-15.455278614955711
1.7609022556390976,-15.454755084047683,-15.453893441316067
1.7646616541353382,-15.453343194553234,-15.452508267676425
1.7684210526315787,-15.451919328136198,-15.451123094036781
1.7721804511278192,-15.450483315866123,-15.449737920397137
1.77593984962406,-15.449035077923448,-15.448352746757493
1.7796992481203007,-15.447574630787953,-15.446967573117849
1.7834586466165412,-15.446102093998318,-15.445582399478205
1.7872180451127817,-15.444617696413008,-15.444197225838563
1.7909774436090222,-15.443121781903335,-15.442812052198919
1.794736842105263,-15.441614814410622,-15.441426878559275
1.7984962406015035,-15.440097382301001,-15.440041704919631
1.8022556390977442,-15.43857020195331,-15.438610756832901
1.8060150375939847,-15.437034120518213,-15.437149292448112
1.8097744360902253,-15.43549011778956,-15.435687828063323
1.8135338345864658,-15.433939307132594,-15.434226363678533
1.8172932330827065,-15.432382935417616,-15.432764899293744
1.8210526315789473,-15.430822381912181,-15.431303434908955
1.8248120300751878,-15.42925915608993,-15.429841970524166
1.8285714285714283,-15.427694894319657,-15.428380506139376
1.8323308270676688,-15.426131355404074,-15.426919041754587
1.8360902255639096,-15.424570414944272,-15.425457577369798
1.8398496240601503,-15.423014058512601,-15.423996112985009
1.8436090225563908,-15.421464373624076,-15.42253464860022
1.8473684210526313,-15.41992354050401,-15.42107318421543
1.8511278195488718,-15.418393821657707,-15.419611719830641
1.8548872180451126,-15.41687755025643,-15.418150255445852
1.858646616541353,-15.41537711736256,-15.416688791061063
1.8624060150375938,-15.413894958025956,-15.415227326676273
1.8661654135338344,-15.412433536292738,-15.413765862291486
1.8699248120300749,-15.41099532917721,-15.412304397906697
1.8736842105263154,-15.409582809657287,-15.410842933521907
1.8774436090225561,-15.408198428763594,-15.409381469137118
1.8812030075187969,-15.40684459684216,-15.407920004752329
1.8849624060150374,-15.405523664080574,-15.40645854036754
1.888721804511278,-15.404237900397256,-15.40499707598275
1.8924812030075184,-15.402989474803189,-15.403535611597961
1.8962406015037592,-15.401780434355102,-15.402074147213172
1.8999999999999997,-15.400612682828367,-15.400612682828383
1.9037593984962404,-15.399487959246988,-15.400013199595627
1.907518796992481,-15.398407816416762,-15.399413716362872
1.9112781954887215,-15.397373599615962,-15.398814233130116
1.915037593984962,-15.396386425605678,-15.398214749897361
1.918796992481203,-15.395447162129207,-15.397615266664605
1.9225563909774435,-15.394556408076385,-15.397015783431849
1.926315789473684,-15.393714474494642,-15.396416300199094
1.9300751879699245,-15.392921366633576,-15.395816816966338
1.933834586466165,-15.392176767213956,-15.395217333733582
1.9375939849624055,-15.391480021115296,-15.394617850500827
1.9413533834586465,-15.390830121678219,-15.394018367268071
1.945112781954887,-15.390225698818858,-15.393418884035317
1.9488721804511275,-15.389665009152282,-15.39281940080256
1.952631578947368,-15.389145928320511,-15.392219917569804
1.9563909774436086,-15.388665945717706,-15.39162043433705
1.9601503759398495,-15.388222161800883,-15.391020951104293
1.96390977443609,-15.38781128816861,-15.390421467871539
1.9676691729323306,-15.387429650582712,-15.389821984638782
1.971428571428571,-15.387073195098935,-15.389222501406026
1.9751879699248116,-15.38673749746163,-15.388623018173272
1.9789473684210526,-15.386417775904958,-15.388023534940515
1.982706766917293,-15.3861089074886,-15.38742405170776
1.9864661654135336,-15.385805448079601,-15.386824568475005
1.9902255639097741,-15.385501656073648,-15.386225085242248
1.9939849624060146,-15.385191519928814,-15.385625602009494
1.9977443609022552,-15.384868789562434,-15.385026118776738
2.001503759398496,-15.384527011637504,-15.384145500053044
2.0052631578947366,-15.384159568738532,-15.382843178092946
2.009022556390977,-15.383759722408353,-15.381540856132847
2.0127819548872177,-15.383320659986964,-15.380238534172749
2.016541353383458,-15.38283554516087,-15.37893621221265
2.020300751879699,-15.382297572096963,-15.37763389025255
2.0240601503759397,-15.381700022998546,-15.376331568292452
2.02781954887218,-15.381036328882736,-15.375029246332353
2.0315789473684207,-15.38030013333842,-15.373726924372255
2.0353383458646612,-15.379485358982082,-15.372424602412156
2.0390977443609017,-15.378586276285427,-15.371122280452058
2.0428571428571427,-15.377597574403815,-15.36981995849196
2.0466165413533832,-15.376514433588413,-15.368517636531859
2.0503759398496237,-15.375332598717602,-15.36721531457176
2.0541353383458643,-15.374048453434996,-15.365912992611662
2.0578947368421048,-15.372659094332478,-15.364610670651563
2.0616541353383457,-15.371162404567295,-15.363308348691465
2.0654135338345863,-15.36955712625272,-15.362006026731367
2.0691729323308268,-15.367842930912369,-15.360703704771268
2.0729323308270673,-15.366020487239354,-15.359401382811168
2.076691729323308,-15.36409152535341,-15.35809906085107
2.0804511278195488,-15.362058896702337,-15.35679673889097
2.0842105263157893,-15.359926628708982,-15.355494416930872
2.08796992481203,-15.357699973222198,-15.354192094970774
2.0917293233082703,-15.355385447789947,-15.352889773010675
2.095488721804511,-15.352990868735935,-15.351587451050577
2.0992481203007514,-15.350525374988154,-15.350285129090476
2.1030075187969923,-15.347999441579299,-15.349043840099206
2.106766917293233,-15.345424881715903,-15.347817809350143
2.1105263157894734,-15.342814836295867,-15.34659177860108
2.114285714285714,-15.340183749743812,-15.345365747852018
2.1180451127819544,-15.337547331031073,-15.344139717102955
2.1218045112781954,-15.334922498753167,-15.34291368635389
2.125563909774436,-15.332327309153227,-15.341687655604828
2.1293233082706764,-15.32978086600617,-15.340461624855765
2.133082706766917,-15.327303211316472,-15.339235594106702
2.1368421052631574,-15.324915195833361,-15.338009563357637
2.140601503759398,-15.322638328452564,-15.336783532608575
2.144360902255639,-15.320494603654398,-15.335557501859512
2.1481203007518794,-15.318506306225784,-15.334331471110449
2.15187969924812,-15.316695792629828,-15.333105440361384
2.1556390977443605,-15.31508524852273,-15.331879409612322
2.159398496240601,-15.31369642207557,-15.330653378863259
2.163157894736842,-15.312550332939695,-15.329427348114196
2.1669172932330825,-15.311666956900732,-15.328201317365131
2.170676691729323,-15.311064886499912,-15.326975286616069
2.1744360902255635,-15.310760968164084,-15.325749255867006
2.178195488721804,-15.310769916679922,-15.324523225117943
2.181954887218045,-15.311103908175486,-15.323297194368878
2.1857142857142855,-15.31177215313592,-15.322071163619816
2.189473684210526,-15.312780451382176,-15.320845132870753
2.1932330827067665,-15.314130731384603,-15.31961910212169
2.196992481203007,-15.315820576770015,-15.318393071372627
2.2007518796992476,-15.317842743414413,-15.31719087079066
2.2045112781954885,-15.320184671095893,-15.316083990877077
2.208270676691729,-15.322827994318484,-15.314977110963495
2.2120300751879696,-15.325748057608397,-15.313870231049915
2.21578947368421,-15.328913441335345,-15.312763351136333
2.2195488721804506,-15.332285504924961,-15.31165647122275
2.2233082706766916,-15.335817955208421,-15.310549591309169
2.227067669172932,-15.339456448605805,-15.309442711395587
2.2308270676691726,-15.343138236864881,-15.308335831482005
2.234586466165413,-15.346791867180158,-15.307228951568423
2.2383458646616536,-15.350336948703735,-15.306122071654842
2.242105263157894,-15.3536839987337,-15.30501519174126
2.245864661654135,-15.356734383231458,-15.303908311827678
2.2496240601503756,-15.359380367783809,-15.302801431914096
2.253383458646616,-15.361505296690172,-15.301694552000514
2.2571428571428567,-15.362983919530032,-15.300587672086932
2.260902255639097,-15.363682886351208,-15.29948079217335
2.264661654135338,-15.363461434525304,-15.298373912259768
2.2684210526315787,-15.36217229234745,-15.297267032346188
2.272180451127819,-15.359662826618347,-15.296160152432606
2.2759398496240597,-15.355776463745276,-15.295053272519024
2.2796992481203002,-15.350354416342906,-15.293946392605442
2.283458646616541,-15.343237749907196,-15.29283951269186
2.2872180451127817,-15.334269826889296,-15.291732632778277
2.2909774436090222,-15.323299168414232,-15.290625752864695
2.2947368421052627,-15.310182776979214,-15.289518872951113
2.2984962406015033,-15.294789966740671,-15.288411993037533
2.3022556390977438,-15.277006751460757,-15.287405280386528
2.3060150375939847,-15.256740843843312,-15.286465345910576
2.3097744360902253,-15.233927323858522,-15.285525411434625
2.3135338345864658,-15.208535037736533,-15.284585476958673
2.3172932330827063,-15.180573793621173,-15.28364554248272
2.321052631578947,-15.150102424417293,-15.282705608006768
2.3248120300751878,-15.117237793155738,-15.281765673530817
2.3285714285714283,-15.082164821245119,-15.280825739054865
2.332330827067669,-15.045147625290735,-15.279885804578914
2.3360902255639093,-15.006541853751811,-15.27894587010296
2.33984962406015,-14.966808320585095,-15.278005935627009
2.3436090225563904,-14.926528039205904,-15.277066001151058
2.3473684210526313,-14.886418766586733,-15.276126066675106
2.351127819548872,-14.847353174137446,-15.275186132199154
2.3548872180451124,-14.810378769164565,-15.274246197723201
2.358646616541353,-14.776739698222393,-15.27330626324725
2.3624060150375934,-14.747900571542056,-15.272366328771298
2.3661654135338344,-14.725572455984485,-15.271426394295347
2.369924812030075,-14.71174119261466,-15.270486459819395
2.3736842105263154,-14.708698204059699,-15.269546525343442
2.377443609022556,-14.719073966302313,-15.26860659086749
2.3812030075187964,-14.745874329490162,-15.267666656391539
2.3849624060150374,-14.792519882739432,-15.266726721915587
2.388721804511278,-14.86288856876867,-15.265786787439636
2.3924812030075184,-14.961361765567807,-15.264846852963682
2.396240601503759,-15.092874064171168,-15.26390691848773
2.3999999999999995,-15.26296698401205,-15.26296698401178
