angle,polynomial,linear
90.0,-15.47554216239111,-15.475542162391115
90.22556390977444,-15.476050208597782,-15.476059664299482
90.45112781954887,-15.476566082947125,-15.47657716620785
90.67669172932331,-15.477087808213735,-15.47709466811622
90.90225563909775,-15.477613706954102,-15.477612170024587
91.12781954887218,-15.47814236395133,-15.478129671932955
91.35338345864662,-15.478672592668122,-15.478647173841322
91.57894736842105,-15.479203405339206,-15.479164675749692
91.80451127819549,-15.479733986363701,-15.47968217765806
92.03007518796993,-15.48026366868538,-15.480199679566427
92.25563909774436,-15.480791912874158,-15.480717181474795
92.4812030075188,-15.481318288645895,-15.481234683383162
92.70676691729324,-15.481842458579527,-15.481752185291532
92.93233082706767,-15.482364163810972,-15.4822696871999
93.15789473684211,-15.482883211502154,-15.482787189108267
93.38345864661655,-15.483399463901026,-15.483304691016635
93.60902255639098,-15.48391282882472,-15.483822192925002
93.83458646616542,-15.484423251412869,-15.484339694833372
94.06015037593986,-15.484930707012126,-15.48485719674174
94.28571428571429,-15.485435195065582,-15.485374698650107
94.51127819548873,-15.48593673389263,-15.485892200558474
94.73684210526315,-15.486435356255692,-15.486409702466844
94.9624060150376,-15.486931105620165,-15.486927204375212
95.18796992481202,-15.487424033023187,-15.487402534644835
95.41353383458646,-15.487914194475179,-15.487869430586708
95.6390977443609,-15.488401648825887,-15.488336326528582
95.86466165413533,-15.488886456033713,-15.488803222470457
96.09022556390977,-15.489368675783554,-15.48927011841233
96.3157894736842,-15.489848366404303,-15.489737014354205
96.54135338345864,-15.490325584042509,-15.490203910296078
96.76691729323308,-15.490800382053624,-15.490670806237953
96.99248120300751,-15.491272810576671,-15.491137702179827
97.21804511278195,-15.491742916262206,-15.4916045981217
97.44360902255639,-15.492210742127131,-15.492071494063575
97.66917293233082,-15.492676327513173,-15.492538390005448
97.89473684210526,-15.493139708128812,-15.493005285947323
98.1203007518797,-15.493600916157169,-15.493472181889198
98.34586466165413,-15.4940599804147,-15.49393907783107
98.57142857142857,-15.494516926547734,-15.494405973772945
98.796992481203,-15.494971777255795,-15.494872869714818
99.02255639097744,-15.495424552532373,-15.495339765656693
99.24812030075188,-15.49587526991529,-15.495806661598568
99.47368421052632,-15.496323944740187,-15.496273557540441
99.69924812030075,-15.496770590391824,-15.496740453482316
99.92481203007519,-15.497215218548916,-15.497207349424189
100.15037593984962,-15.497657839419128,-15.497643823079308
100.37593984962406,-15.498098461961682,-15.49806508559105
100.6015037593985,-15.498537094095633,-15.49848634810279
100.82706766917293,-15.498973742892538,-15.498907610614532
101.05263157894737,-15.499408414752669,-15.499328873126274
101.2781954887218,-15.499841115564394,-15.499750135638013
101.50375939849624,-15.500271850846664,-15.500171398149755
101.72932330827068,-15.500700625874847,-15.500592660661496
101.95488721804512,-15.501127445790397,-15.501013923173238
102.18045112781955,-15.501552315695013,-15.50143518568498
102.40601503759399,-15.5019752407301,-15.501856448196719
102.63157894736842,-15.502396226142436,-15.50227771070846
102.85714285714286,-15.502815277337074,-15.502698973220202
103.0827067669173,-15.50323239991848,-15.503120235731943
103.30827067669173,-15.503647599721003,-15.503541498243685
103.53383458646617,-15.50406088282974,-15.503962760755426
103.7593984962406,-15.504472255592864,-15.504384023267166
103.98496240601503,-15.504881724626443,-15.504805285778907
104.21052631578948,-15.505289296812762,-15.505226548290649
104.4360902255639,-15.505694979293104,-15.50564781080239
104.66165413533835,-15.506098779455867,-15.506069073314132
104.88721804511277,-15.506500704920915,-15.506490335825873
105.11278195488721,-15.506900763520875,-15.506891019636162
105.33834586466165,-15.507298963280176,-15.507271124745001
105.56390977443608,-15.507695312392418,-15.50765122985384
105.78947368421052,-15.508089819196712,-15.508031334962679
106.01503759398496,-15.508482492153483,-15.508411440071518
106.2406015037594,-15.508873339820225,-15.508791545180356
106.46616541353383,-15.509262370827578,-15.509171650289195
106.69172932330827,-15.509649593856127,-15.509551755398034
106.9172932330827,-15.510035017614136,-15.509931860506873
107.14285714285714,-15.510418650816536,-15.510311965615712
107.36842105263158,-15.510800502165294,-15.51069207072455
107.59398496240601,-15.511180580331347,-15.511072175833391
107.81954887218045,-15.511558893938176,-15.51145228094223
108.04511278195488,-15.511935451547126,-15.511832386051069
108.27067669172932,-15.512310261644457,-15.512212491159907
108.49624060150376,-15.512683332630166,-15.512592596268746
108.7218045112782,-15.513054672808561,-15.512972701377585
108.94736842105263,-15.513424290380492,-15.513352806486424
109.17293233082707,-15.51379219343725,-15.513732911595262
109.3984962406015,-15.514158389955984,-15.514113016704101
109.62406015037594,-15.514522887796577,-15.51449312181294
109.84962406015038,-15.51488569469989,-15.514873226921779
110.07518796992481,-15.515246818287208,-15.515240900036712
110.30075187969925,-15.51560626606083,-15.515583709163833
110.52631578947368,-15.51596404540564,-15.515926518290954
110.75187969924812,-15.51632016359156,-15.516269327418074
110.97744360902256,-15.516674627776746,-15.516612136545195
111.203007518797,-15.517027445011411,-15.516954945672316
111.42857142857143,-15.517378622242171,-15.517297754799436
111.65413533834587,-15.517728166316775,-15.517640563926557
111.8796992481203,-15.51807608398914,-15.517983373053678
112.10526315789474,-15.518422381924566,-15.5183261821808
112.33082706766918,-15.518767066705054,-15.518668991307921
112.55639097744361,-15.519110144834634,-15.519011800435042
112.78195488721805,-15.519451622744622,-15.519354609562162
113.00751879699249,-15.519791506798734,-15.519697418689283
113.23308270676691,-15.520129803298016,-15.520040227816404
113.45864661654136,-15.5204665184855,-15.520383036943525
113.68421052631578,-15.520801658550585,-15.520725846070645
113.90977443609023,-15.521135229633051,-15.521068655197766
114.13533834586465,-15.52146723782674,-15.521411464324887
114.3609022556391,-15.521797689182833,-15.521754273452009
114.58646616541353,-15.522126589712723,-15.52209708257913
114.81203007518798,-15.522453945390492,-15.52243989170625
115.0375939849624,-15.52277976215497,-15.522777027827718
115.26315789473685,-15.523104045911385,-15.523085798920922
115.48872180451127,-15.523426802532626,-15.523394570014124
115.71428571428571,-15.523748037860113,-15.523703341107328
115.93984962406014,-15.524067757704314,-15.524012112200532
116.16541353383458,-15.524385967844912,-15.524320883293736
116.39097744360902,-15.524702674030658,-15.524629654386938
116.61654135338345,-15.525017881978934,-15.524938425480142
116.84210526315789,-15.525331597375065,-15.525247196573346
117.06766917293233,-15.525643825871384,-15.52555596766655
117.29323308270676,-15.525954573086123,-15.525864738759754
117.5187969924812,-15.52626384460212,-15.526173509852956
117.74436090225564,-15.526571645965413,-15.52648228094616
117.96992481203007,-15.526877982683716,-15.526791052039364
118.19548872180451,-15.527182860224848,-15.527099823132568
118.42105263157895,-15.527486284015103,-15.527408594225772
118.64661654135338,-15.527788259437632,-15.527717365318974
118.87218045112782,-15.528088791830834,-15.528026136412178
119.09774436090225,-15.528387886486797,-15.528334907505382
119.32330827067669,-15.528685548649806,-15.528643678598586
119.54887218045113,-15.528981783514933,-15.528952449691788
119.77443609022556,-15.52927659622676,-15.529261220784992
120.0,-15.529569991878201,-15.529569991878196
120.22556390977444,-15.529861975509485,-15.529847416732848
120.45112781954887,-15.530152552107275,-15.530124841587497
120.67669172932331,-15.530441726603959,-15.530402266442149
120.90225563909775,-15.530729503877097,-15.5306796912968
121.12781954887218,-15.53101588874906,-15.53095711615145
121.35338345864662,-15.531300885986807,-15.531234541006102
121.57894736842105,-15.53158450030187,-15.531511965860753
121.80451127819549,-15.53186673635048,-15.531789390715403
122.03007518796991,-15.532147598733877,-15.532066815570055
122.25563909774436,-15.53242709199876,-15.532344240424706
122.48120300751879,-15.5327052206379,-15.532621665279358
122.70676691729324,-15.532981989090876,-15.532899090134007
122.93233082706766,-15.533257401744953,-15.533176514988659
123.15789473684211,-15.533531462936065,-15.53345393984331
123.38345864661653,-15.533804176949896,-15.53373136469796
123.60902255639098,-15.534075548023054,-15.534008789552612
123.8345864661654,-15.534345580344313,-15.534286214407263
124.06015037593986,-15.534614278055901,-15.534563639261913
124.28571428571428,-15.53488164525485,-15.534841064116565
124.51127819548873,-15.535147685994344,-15.535118488971216
124.73684210526315,-15.535412404285086,-15.535395913825866
124.9624060150376,-15.53567580409667,-15.535673338680517
125.18796992481202,-15.53593788935891,-15.535926463511892
125.41353383458647,-15.536198663963154,-15.53617472833861
125.6390977443609,-15.53645813176353,-15.536422993165328
125.86466165413535,-15.536716296578149,-15.536671257992046
126.09022556390977,-15.53697316219023,-15.536919522818764
126.3157894736842,-15.537228732349138,-15.537167787645483
126.54135338345864,-15.537483010771332,-15.537416052472201
126.76691729323308,-15.537736001141226,-15.537664317298919
126.99248120300751,-15.537987707111935,-15.537912582125637
127.21804511278195,-15.538238132305914,-15.538160846952355
127.44360902255639,-15.538487280315485,-15.538409111779075
127.66917293233082,-15.538735154703256,-15.538657376605792
127.89473684210526,-15.538981759002413,-15.53890564143251
128.1203007518797,-15.53922709671691,-15.539153906259228
128.34586466165413,-15.539471171321546,-15.539402171085948
128.57142857142856,-15.539713986261921,-15.539650435912666
128.796992481203,-15.53995554495431,-15.539898700739384
129.02255639097746,-15.540195850785427,-15.540146965566102
129.24812030075188,-15.5404349071121,-15.54039523039282
129.4736842105263,-15.540672717260868,-15.54064349521954
129.69924812030075,-15.540909284527512,-15.540891760046257
129.9248120300752,-15.5411446121765,-15.541140024872975
130.15037593984962,-15.541378703440417,-15.541370014498368
130.37593984962405,-15.541611561519318,-15.541590866523098
130.6015037593985,-15.541843189580081,-15.541811718547827
130.82706766917295,-15.542073590755722,-15.542032570572557
131.05263157894737,-15.542302768144715,-15.542253422597286
131.2781954887218,-15.542530724810321,-15.542474274622016
131.50375939849624,-15.542757463779934,-15.542695126646745
131.72932330827066,-15.542982988044445,-15.542915978671475
131.95488721804512,-15.543207300557677,-15.543136830696204
132.18045112781954,-15.543430404235847,-15.543357682720934
132.406015037594,-15.543652301957104,-15.543578534745665
132.6315789473684,-15.543872996561138,-15.543799386770393
132.85714285714286,-15.54409249084887,-15.544020238795124
133.08270676691728,-15.544310787582235,-15.544241090819853
133.30827067669173,-15.544527889484069,-15.544461942844583
133.53383458646616,-15.544743799238082,-15.544682794869312
133.7593984962406,-15.544958519488953,-15.544903646894042
133.98496240601503,-15.545172052842533,-15.54512449891877
134.21052631578948,-15.545384401866169,-15.545345350943501
134.4360902255639,-15.545595569089127,-15.545566202968232
134.66165413533835,-15.545805557003147,-15.54578705499296
134.88721804511277,-15.546014368063103,-15.54600790701769
135.11278195488723,-15.546222004687776,-15.546215740564229
135.33834586466165,-15.546428469260736,-15.546410555632576
135.5639097744361,-15.54663376413132,-15.546605370700924
135.78947368421052,-15.546837891615713,-15.546800185769271
136.01503759398497,-15.547040853998107,-15.546995000837619
136.2406015037594,-15.54724265353195,-15.547189815905966
136.46616541353382,-15.547443292441253,-15.547384630974314
136.69172932330827,-15.54764277292196,-15.547579446042661
136.91729323308272,-15.547841097143372,-15.547774261111009
137.14285714285714,-15.548038267249586,-15.547969076179356
137.36842105263156,-15.548234285360977,-15.548163891247704
137.593984962406,-15.548429153575675,-15.548358706316051
137.81954887218046,-15.548622873971038,-15.548553521384399
138.04511278195488,-15.548815448605115,-15.548748336452746
138.2706766917293,-15.549006879518059,-15.548943151521094
138.49624060150376,-15.549197168733508,-15.549137966589441
138.7218045112782,-15.549386318259893,-15.54933278165779
138.94736842105263,-15.549574330091685,-15.549527596726138
139.17293233082705,-15.549761206210533,-15.549722411794486
139.3984962406015,-15.549946948586326,-15.549917226862833
139.62406015037595,-15.55013155917813,-15.55011204193118
139.84962406015038,-15.550315039935,-15.550306856999528
140.0751879699248,-15.550497392796672,-15.550493344447418
140.30075187969925,-15.550678619694107,-15.550663176654389
140.5263157894737,-15.550858722549886,-15.550833008861362
140.75187969924812,-15.551037703278462,-15.551002841068335
140.97744360902254,-15.551215563786242,-15.551172673275309
141.203007518797,-15.551392305971516,-15.551342505482282
141.42857142857142,-15.551567931724234,-15.551512337689253
141.65413533834587,-15.551742442925601,-15.551682169896226
141.8796992481203,-15.551915841447535,-15.5518520021032
142.10526315789474,-15.552088129151961,-15.552021834310173
142.33082706766916,-15.552259307889955,-15.552191666517144
142.5563909774436,-15.55242937950076,-15.552361498724117
142.78195488721803,-15.552598345810656,-15.55253133093109
143.00751879699249,-15.552766208631727,-15.552701163138064
143.2330827067669,-15.552932969760501,-15.552870995345037
143.45864661654136,-15.553098630976525,-15.553040827552008
143.68421052631578,-15.553263194040829,-15.553210659758982
143.90977443609023,-15.55342666069437,-15.553380491965955
144.13533834586465,-15.553589032656403,-15.553550324172928
144.3609022556391,-15.553750311622846,-15.5537201563799
144.58646616541353,-15.55391049926465,-15.553889988586873
144.81203007518798,-15.554069597226169,-15.554059820793846
145.0375939849624,-15.554227607123602,-15.554225633695308
145.26315789473685,-15.554384530543475,-15.554371350069223
145.48872180451127,-15.55454036904122,-15.554517066443138
145.71428571428572,-15.554695124139867,-15.55466278281705
145.93984962406014,-15.554848797328866,-15.554808499190965
146.16541353383457,-15.555001390063056,-15.554954215564878
146.39097744360902,-15.555152903761817,-15.555099931938793
146.61654135338347,-15.555303339808413,-15.555245648312708
146.8421052631579,-15.555452699549539,-15.55539136468662
147.0676691729323,-15.555600984295108,-15.555537081060535
147.29323308270676,-15.555748195318277,-15.55568279743445
147.5187969924812,-15.55589433385572,-15.555828513808363
147.74436090225564,-15.55603940110819,-15.555974230182278
147.96992481203006,-15.556183398241327,-15.55611994655619
148.1954887218045,-15.556326326386772,-15.556265662930105
148.42105263157896,-15.556468186643544,-15.55641137930402
148.64661654135338,-15.556608980079716,-15.556557095677933
148.8721804511278,-15.556748707734348,-15.556702812051848
149.09774436090225,-15.556887370619714,-15.556848528425762
149.3233082706767,-15.557024969723763,-15.556994244799675
149.54887218045113,-15.557161506012848,-15.55713996117359
149.77443609022555,-15.55729698043467,-15.557285677547503
150.0,-15.557431393921423,-15.557431393921417
150.22556390977442,-15.55756474739313,-15.557553606783511
150.45112781954887,-15.55769704176112,-15.557675819645606
150.6766917293233,-15.557828277931637,-15.5577980325077
150.90225563909775,-15.557958456809512,-15.557920245369795
151.12781954887217,-15.5580875793019,-15.558042458231888
151.35338345864662,-15.558215646322004,-15.558164671093984
151.57894736842104,-15.558342658792775,-15.558286883956077
151.8045112781955,-15.558468617650508,-15.558409096818172
152.0300751879699,-15.55859352384831,-15.558531309680266
152.25563909774436,-15.558717378359395,-15.55865352254236
152.4812030075188,-15.558840182180116,-15.558775735404454
152.70676691729324,-15.55896193633274,-15.558897948266548
152.93233082706766,-15.559082641867867,-15.559020161128643
153.1578947368421,-15.559202299866472,-15.559142373990737
153.38345864661653,-15.559320911441498,-15.559264586852832
153.60902255639098,-15.559438477738976,-15.559386799714925
153.8345864661654,-15.559554999938616,-15.55950901257702
154.06015037593983,-15.559670479253821,-15.559631225439114
154.28571428571428,-15.559784916931099,-15.559753438301207
154.51127819548873,-15.559898314248828,-15.559875651163303
154.73684210526315,-15.560010672515373,-15.559997864025396
154.96240601503757,-15.56012199306649,-15.560120076887491
155.18796992481202,-15.560232277262049,-15.560223157158944
155.41353383458647,-15.560341526482045,-15.56032241091227
155.6390977443609,-15.560449742121895,-15.560421664665597
155.86466165413532,-15.560556925587063,-15.560520918418922
156.09022556390977,-15.560663078286998,-15.560620172172248
156.31578947368422,-15.56076820162843,-15.560719425925575
156.54135338345864,-15.5608722970081,-15.5608186796789
156.76691729323306,-15.560975365804902,-15.560917933432226
156.99248120300751,-15.561077409371602,-15.561017187185552
157.21804511278197,-15.561178429026116,-15.561116440938877
157.4436090225564,-15.56127842604251,-15.561215694692203
157.6691729323308,-15.561377401641781,-15.56131494844553
157.89473684210526,-15.561475356982564,-15.561414202198854
158.1203007518797,-15.561572293151853,-15.56151345595218
158.34586466165413,-15.561668211155922,-15.561612709705507
158.57142857142856,-15.561763111911555,-15.561711963458832
158.796992481203,-15.561856996237758,-15.561811217212158
159.02255639097746,-15.56194986484813,-15.561910470965485
159.24812030075188,-15.562041718344057,-15.56200972471881
159.4736842105263,-15.562132557208903,-15.562108978472136
159.69924812030075,-15.562222381803418,-15.562208232225462
159.9248120300752,-15.562311192362499,-15.562307485978787
160.15037593984962,-15.562398988993559,-15.56239169844901
160.37593984962405,-15.56248577167663,-15.562468390277681
160.6015037593985,-15.562571540266436,-15.562545082106352
160.82706766917295,-15.56265629449656,-15.562621773935023
161.05263157894737,-15.562740033985932,-15.562698465763694
161.2781954887218,-15.562822758247735,-15.562775157592364
161.50375939849624,-15.562904466700893,-15.562851849421035
161.7293233082707,-15.562985158684242,-15.562928541249706
161.95488721804512,-15.563064833473478,-15.563005233078378
162.18045112781954,-15.56314349030092,-15.56308192490705
162.406015037594,-15.563221128378142,-15.56315861673572
162.6315789473684,-15.563297746921405,-15.56323530856439
162.85714285714283,-15.563373345179865,-15.563312000393061
163.08270676691728,-15.563447922466432,-15.563388692221732
163.30827067669173,-15.563521478191099,-15.563465384050403
163.53383458646616,-15.56359401189651,-15.563542075879074
163.75939849624058,-15.563665523295498,-15.563618767707744
163.98496240601503,-15.56373601231019,-15.563695459536417
164.21052631578948,-15.563805479112267,-15.563772151365088
164.4360902255639,-15.563873924163845,-15.563848843193758
164.66165413533832,-15.563941348258378,-15.56392553502243
164.88721804511277,-15.564007752560904,-15.5640022268511
165.11278195488723,-15.564073138646831,-15.564067820925501
165.33834586466165,-15.564137508538419,-15.564122317245635
165.56390977443607,-15.564200864737986,-15.56417681356577
165.78947368421052,-15.564263210256787,-15.564231309885903
166.01503759398497,-15.564324548638401,-15.564285806206037
166.2406015037594,-15.564384883975446,-15.56434030252617
166.46616541353382,-15.564444220918237,-15.564394798846305
166.69172932330827,-15.56450256467405,-15.564449295166439
166.91729323308272,-15.564559920995526,-15.564503791486572
167.14285714285714,-15.564616296156652,-15.564558287806706
167.36842105263156,-15.564671696914845,-15.56461278412684
167.593984962406,-15.56472613045748,-15.564667280446974
167.81954887218046,-15.564779604331335,-15.564721776767108
168.04511278195488,-15.56483212635337,-15.564776273087242
168.2706766917293,-15.564883704501325,-15.564830769407376
168.49624060150376,-15.564934346782751,-15.564885265727508
168.7218045112782,-15.564984061081148,-15.564939762047642
168.94736842105263,-15.565032854978112,-15.564994258367776
169.17293233082705,-15.565080735550586,-15.56504875468791
169.3984962406015,-15.565127709142637,-15.565103251008043
169.62406015037595,-15.565173781111454,-15.565157747328177
169.84962406015038,-15.565218955547818,-15.565212243648311
170.0751879699248,-15.565263234971665,-15.565259433926537
170.30075187969925,-15.565306620004103,-15.565292012120945
170.5263157894737,-15.565349109017875,-15.565324590315353
170.75187969924812,-15.565390697769152,-15.565357168509761
170.97744360902254,-15.565431379014457,-15.56538974670417
171.203007518797,-15.56547114211772,-15.565422324898577
171.42857142857144,-15.565509972653619,-15.565454903092986
171.65413533834587,-15.56554785201493,-15.565487481287395
171.8796992481203,-15.565584757033221,-15.565520059481804
172.10526315789474,-15.565620659624026,-15.56555263767621
172.33082706766916,-15.565655526469842,-15.56558521587062
172.55639097744358,-15.565689318756556,-15.565617794065028
172.78195488721803,-15.565721991981597,-15.565650372259435
173.00751879699249,-15.565753495855002,-15.565682950453844
173.2330827067669,-15.565783774317905,-15.565715528648253
173.45864661654133,-15.565812765706568,-15.565748106842662
173.68421052631578,-15.565840403094057,-15.565780685037069
173.90977443609023,-15.565866614846222,-15.565813263231478
174.13533834586465,-15.565891325433398,-15.565845841425887
174.36090225563908,-15.565914456544832,-15.565878419620294
174.58646616541353,-15.565935928558583,-15.565910997814703
174.81203007518798,-15.565955662426378,-15.565943576009111
175.0375939849624,-15.565973582039879,-15.56597253086179
175.26315789473682,-15.565989617152754,-15.565983369005822
175.48872180451127,-15.566003706941462,-15.565994207149856
175.71428571428572,-15.566015804296974,-15.566005045293888
175.93984962406014,-15.566025880949873,-15.56601588343792
176.16541353383457,-15.566033933542267,-15.566026721581954
176.39097744360902,-15.566039990772087,-15.566037559725986
176.61654135338347,-15.5660441217483,-15.56604839787002
176.8421052631579,-15.566046445709823,-15.566059236014052
177.0676691729323,-15.566047143276247,-15.566070074158086
177.29323308270676,-15.56604646941509,-15.566080912302118
177.5187969924812,-15.56604476832831,-15.56609175044615
177.74436090225564,-15.566042490480203,-15.566102588590184
177.96992481203006,-15.566040212009765,-15.566113426734216
178.1954887218045,-15.566038656793209,-15.56612426487825
178.42105263157896,-15.566038721446677,-15.566135103022281
178.64661654135338,-15.56604150358541,-15.566145941166313
178.8721804511278,-15.566048333683772,-15.566156779310347
179.09774436090225,-15.566060810910933,-15.56616761745438
179.3233082706767,-15.566080843349445,-15.566178455598413
179.54887218045113,-15.566110693038954,-15.566189293742445
179.77443609022555,-15.56615302632469,-15.566200131886479
180.0,-15.566210970030513,-15.566210970030511
