angle,spline,linear
80.0,-148.767895102808,-148.767895102808
80.15037593984962,-148.76853517516446,-148.76844806536178
80.30075187969925,-148.76917029600583,-148.76900102791552
80.45112781954887,-148.76980042207038,-148.7695539904693
80.6015037593985,-148.77042551009632,-148.77010695302303
80.75187969924812,-148.77104551682189,-148.7706599155768
80.90225563909775,-148.7716603989854,-148.77121287813054
81.05263157894737,-148.7722701133251,-148.7717658406843
81.203007518797,-148.7728746165792,-148.77231880323805
81.35338345864662,-148.77347386548598,-148.77287176579182
81.50375939849624,-148.77406781678366,-148.7734247283456
81.65413533834587,-148.77465642721052,-148.77397769089933
81.80451127819549,-148.7752396535048,-148.7745306534531
81.95488721804512,-148.77581745240474,-148.77508361600684
82.10526315789474,-148.7763897806486,-148.7756365785606
82.25563909774436,-148.77695659497465,-148.77618954111435
82.40601503759399,-148.77751785212112,-148.77674250366812
82.55639097744361,-148.77807350882628,-148.77729546622186
82.70676691729324,-148.77862352182837,-148.77784842877563
82.85714285714286,-148.77916784786564,-148.7784013913294
83.00751879699249,-148.77970644367633,-148.77895435388314
83.15789473684211,-148.78023926599872,-148.7795073164369
83.30827067669173,-148.78076627157103,-148.78006027899065
83.45864661654136,-148.78128741713152,-148.78061324154442
83.60902255639098,-148.78180265941842,-148.78116620409816
83.7593984962406,-148.78231195517006,-148.78171916665192
83.90977443609023,-148.78281526112463,-148.78227212920567
84.06015037593986,-148.78331253402038,-148.78282509175943
84.21052631578948,-148.78380373059557,-148.7833780543132
84.3609022556391,-148.78428880758847,-148.78393101686694
84.51127819548873,-148.78476772173727,-148.7844839794207
84.66165413533835,-148.78524042978032,-148.78503694197445
84.81203007518798,-148.78570688845573,-148.78558990452822
84.9624060150376,-148.78616705450193,-148.78614286708196
85.11278195488723,-148.78662088465705,-148.78653755864266
85.26315789473684,-148.78706833565934,-148.78687949320567
85.41353383458646,-148.78750936424714,-148.7872214277687
85.56390977443608,-148.7879439271586,-148.78756336233172
85.71428571428571,-148.788371981132,-148.78790529689473
85.86466165413533,-148.78879348290565,-148.78824723145775
86.01503759398496,-148.78920838921775,-148.78858916602076
86.16541353383458,-148.78961665680654,-148.78893110058377
86.3157894736842,-148.79001824241027,-148.78927303514678
86.46616541353383,-148.79041310276722,-148.7896149697098
86.61654135338345,-148.79080119461565,-148.7899569042728
86.76691729323308,-148.79118247469378,-148.7902988388358
86.9172932330827,-148.79155689973987,-148.79064077339882
87.06766917293233,-148.7919244264922,-148.79098270796186
87.21804511278195,-148.79228501168896,-148.79132464252487
87.36842105263158,-148.79263861206843,-148.79166657708788
87.5187969924812,-148.79298518436892,-148.7920085116509
87.66917293233082,-148.79332468532857,-148.7923504462139
87.81954887218045,-148.79365707168574,-148.7926923807769
87.96992481203007,-148.7939823001786,-148.79303431533992
88.1203007518797,-148.79430032754544,-148.79337624990293
88.27067669172932,-148.7946111105245,-148.79371818446594
88.42105263157895,-148.79491460585407,-148.79406011902896
88.57142857142857,-148.79521077027235,-148.794402053592
88.7218045112782,-148.7954995605176,-148.794743988155
88.87218045112782,-148.79578093332807,-148.79508592271802
89.02255639097744,-148.79605484544203,-148.79542785728103
89.17293233082707,-148.79632125359777,-148.79576979184404
89.32330827067669,-148.79658011453338,-148.79611172640705
89.47368421052632,-148.7968313849873,-148.79645366097006
89.62406015037594,-148.7970750216977,-148.79679559553307
89.77443609022556,-148.79731098140286,-148.79713753009608
89.92481203007519,-148.79753922084097,-148.7974794646591
90.07518796992481,-148.79775969664303,-148.7976914963568
90.22556390977444,-148.7979723629716,-148.79777362518917
90.37593984962406,-148.79817717152105,-148.79785575402153
90.52631578947368,-148.79837407387836,-148.7979378828539
90.67669172932331,-148.79856302163049,-148.79802001168625
90.82706766917293,-148.79874396636444,-148.7981021405186
90.97744360902256,-148.79891685966726,-148.79818426935097
91.12781954887218,-148.79908165312588,-148.79826639818333
91.2781954887218,-148.79923829832734,-148.7983485270157
91.42857142857143,-148.79938674685863,-148.79843065584808
91.57894736842105,-148.7995269503067,-148.79851278468044
91.72932330827068,-148.7996588602586,-148.7985949135128
91.8796992481203,-148.79978242830128,-148.79867704234516
92.03007518796993,-148.79989760602174,-148.79875917117752
92.18045112781955,-148.800004345007,-148.79884130000988
92.33082706766918,-148.80010259684406,-148.79892342884224
92.4812030075188,-148.80019231311985,-148.7990055576746
92.63157894736842,-148.80027344542145,-148.79908768650697
92.78195488721805,-148.80034594533575,-148.79916981533935
92.93233082706767,-148.80040976444985,-148.79925194417171
93.0827067669173,-148.8004648543507,-148.79933407300408
93.23308270676692,-148.80051116662528,-148.79941620183644
93.38345864661655,-148.80054865286064,-148.7994983306688
93.53383458646617,-148.8005772646437,-148.79958045950116
93.6842105263158,-148.80059695356147,-148.79966258833352
93.8345864661654,-148.800607671201,-148.79974471716588
93.98496240601503,-148.8006093691492,-148.79982684599824
94.13533834586465,-148.80060199899313,-148.79990897483063
94.28571428571428,-148.80058551231977,-148.799991103663
94.4360902255639,-148.8005598607161,-148.80007323249535
94.58646616541353,-148.8005249957691,-148.8001553613277
94.73684210526315,-148.80048086906584,-148.80023749016007
94.88721804511277,-148.80042743219323,-148.80031961899243
95.0375939849624,-148.80036463766334,-148.80034001575933
95.18796992481202,-148.80029254991763,-148.8001752163298
95.33834586466165,-148.80021145078118,-148.80001041690028
95.48872180451127,-148.80012164705522,-148.79984561747074
95.6390977443609,-148.8000234455407,-148.7996808180412
95.78947368421052,-148.7999171530388,-148.79951601861168
95.93984962406014,-148.7998030763506,-148.79935121918214
96.09022556390977,-148.79968152227724,-148.7991864197526
96.2406015037594,-148.79955279761978,-148.7990216203231
96.39097744360902,-148.79941720917935,-148.79885682089355
96.54135338345864,-148.79927506375705,-148.798692021464
96.69172932330827,-148.79912666815397,-148.7985272220345
96.84210526315789,-148.79897232917125,-148.79836242260495
96.99248120300751,-148.79881235360995,-148.7981976231754
97.14285714285714,-148.7986470482712,-148.7980328237459
97.29323308270676,-148.79847671995606,-148.79786802431636
97.44360902255639,-148.79830167546567,-148.79770322488682
97.59398496240601,-148.79812222160118,-148.7975384254573
97.74436090225564,-148.7979386651636,-148.79737362602776
97.89473684210526,-148.79775131295406,-148.79720882659822
98.04511278195488,-148.79756047177372,-148.7970440271687
98.19548872180451,-148.79736644842365,-148.79687922773917
98.34586466165413,-148.7971695497049,-148.79671442830963
98.49624060150376,-148.79697008241865,-148.79654962888011
98.64661654135338,-148.79676835336596,-148.79638482945057
98.796992481203,-148.79656466934796,-148.79622003002103
98.94736842105263,-148.79635933716577,-148.79605523059152
99.09774436090225,-148.7961526636204,-148.79589043116198
99.24812030075188,-148.79594495551308,-148.79572563173244
99.3984962406015,-148.79573651964483,-148.79556083230293
99.54887218045113,-148.79552766281677,-148.79539603287338
99.69924812030075,-148.79531869183,-148.79523123344384
99.84962406015038,-148.79510991348565,-148.79506643401433
100.0,-148.7949016345848,-148.7949016345848
100.15037593984962,-148.7946940955265,-148.79469023116803
100.30075187969925,-148.7944872711016,-148.79447882775128
100.45112781954887,-148.79428106969885,-148.79426742433452
100.6015037593985,-148.79407539970705,-148.79405602091776
100.75187969924812,-148.79387016951503,-148.793844617501
100.90225563909775,-148.79366528751146,-148.79363321408425
101.05263157894737,-148.79346066208524,-148.7934218106675
101.203007518797,-148.79325620162507,-148.79321040725074
101.35338345864662,-148.79305181451977,-148.79299900383398
101.50375939849624,-148.7928474091581,-148.79278760041723
101.65413533834587,-148.79264289392887,-148.79257619700047
101.80451127819549,-148.79243817722084,-148.79236479358372
101.95488721804512,-148.79223316742278,-148.79215339016696
102.10526315789474,-148.7920277729235,-148.7919419867502
102.25563909774436,-148.7918219021118,-148.79173058333345
102.40601503759399,-148.79161546337636,-148.7915191799167
102.55639097744361,-148.7914083651061,-148.79130777649996
102.70676691729324,-148.7912005156897,-148.7910963730832
102.85714285714286,-148.79099182351598,-148.79088496966645
103.00751879699249,-148.7907821969737,-148.7906735662497
103.15789473684211,-148.7905715444517,-148.79046216283294
103.30827067669173,-148.79035977433867,-148.79025075941618
103.45864661654136,-148.79014679502345,-148.79003935599943
103.60902255639098,-148.78993251489482,-148.78982795258267
103.7593984962406,-148.7897168423416,-148.7896165491659
103.90977443609023,-148.78949968575245,-148.78940514574916
104.06015037593986,-148.78928095351625,-148.7891937423324
104.21052631578948,-148.7890605540218,-148.78898233891564
104.3609022556391,-148.78883839565776,-148.7887709354989
104.51127819548873,-148.78861438681307,-148.78855953208213
104.66165413533835,-148.78838843587636,-148.78834812866538
104.81203007518798,-148.78816045123654,-148.78813672524862
104.9624060150376,-148.78793034128228,-148.78792532183186
105.11278195488723,-148.78769801528702,-148.78765980119317
105.26315789473685,-148.78746339022263,-148.7873762414805
105.41353383458646,-148.78722638702524,-148.78709268176783
105.56390977443608,-148.78698692666367,-148.78680912205516
105.71428571428571,-148.78674493010666,-148.7865255623425
105.86466165413533,-148.78650031832302,-148.78624200262985
106.01503759398496,-148.78625301228155,-148.78595844291718
106.16541353383458,-148.78600293295105,-148.7856748832045
106.3157894736842,-148.78575000130027,-148.78539132349184
106.46616541353383,-148.78549413829808,-148.78510776377917
106.61654135338345,-148.78523526491324,-148.7848242040665
106.76691729323308,-148.7849733021145,-148.78454064435383
106.9172932330827,-148.78470817087077,-148.78425708464115
107.06766917293233,-148.78443979215072,-148.78397352492848
107.21804511278195,-148.78416808692324,-148.7836899652158
107.36842105263158,-148.78389297615706,-148.78340640550314
107.5187969924812,-148.78361438082104,-148.7831228457905
107.66917293233082,-148.7833322218839,-148.78283928607783
107.81954887218045,-148.7830464203145,-148.78255572636516
107.96992481203007,-148.7827568970816,-148.7822721666525
108.1203007518797,-148.78246357315402,-148.78198860693982
108.27067669172932,-148.78216636950054,-148.78170504722715
108.42105263157895,-148.78186520708994,-148.78142148751448
108.57142857142857,-148.78156000689103,-148.7811379278018
108.7218045112782,-148.78125068987262,-148.78085436808914
108.87218045112782,-148.78093717700355,-148.78057080837647
109.02255639097744,-148.7806193892525,-148.7802872486638
109.17293233082707,-148.78029724758835,-148.78000368895115
109.32330827067669,-148.77997067297986,-148.77972012923848
109.47368421052632,-148.77963958639583,-148.7794365695258
109.62406015037594,-148.77930390880508,-148.77915300981314
109.77443609022556,-148.7789635611764,-148.77886945010047
109.92481203007519,-148.7786184644786,-148.7785858903878
110.07518796992481,-148.77826854303376,-148.7782362360521
110.22556390977444,-148.77791379829196,-148.77782048709335
110.37593984962406,-148.77755430883087,-148.7774047381346
110.52631578947368,-148.7771901565816,-148.77698898917586
110.67669172932331,-148.77682142347535,-148.77657324021712
110.82706766917293,-148.7764481914431,-148.77615749125837
110.97744360902256,-148.77607054241608,-148.77574174229963
111.12781954887218,-148.77568855832538,-148.77532599334089
111.2781954887218,-148.7753023211021,-148.77491024438217
111.42857142857143,-148.7749119126773,-148.77449449542343
111.57894736842105,-148.7745174149822,-148.77407874646468
111.72932330827068,-148.77411890994787,-148.77366299750594
111.8796992481203,-148.77371647950545,-148.7732472485472
112.03007518796991,-148.77331020558597,-148.77283149958845
112.18045112781954,-148.7729001701207,-148.7724157506297
112.33082706766916,-148.7724864550406,-148.77200000167096
112.48120300751879,-148.77206914227688,-148.77158425271222
112.63157894736841,-148.77164831376064,-148.77116850375347
112.78195488721803,-148.77122405142296,-148.77075275479473
112.93233082706766,-148.770796437195,-148.77033700583598
113.08270676691728,-148.77036555300782,-148.76992125687724
113.23308270676691,-148.76993148079265,-148.7695055079185
113.38345864661653,-148.7694943024805,-148.76908975895975
113.53383458646616,-148.7690541000025,-148.768674010001
113.68421052631578,-148.7686109552898,-148.76825826104226
113.8345864661654,-148.7681649502735,-148.76784251208355
113.98496240601503,-148.76771616688472,-148.7674267631248
114.13533834586465,-148.7672646870546,-148.76701101416606
114.28571428571428,-148.76681059271417,-148.76659526520731
114.4360902255639,-148.76635396579468,-148.76617951624857
114.58646616541353,-148.76589488822708,-148.76576376728983
114.73684210526315,-148.76543344194266,-148.76534801833108
114.88721804511277,-148.76496970887246,-148.76493226937234
115.0375939849624,-148.76450377048215,-148.76449047083034
115.18796992481202,-148.76403565192368,-148.76397052353852
115.33834586466165,-148.76356526897922,-148.7634505762467
115.48872180451127,-148.76309252486504,-148.7629306289549
115.6390977443609,-148.7626173227974,-148.76241068166308
115.78947368421052,-148.76213956599258,-148.7618907343713
115.93984962406014,-148.76165915766686,-148.76137078707947
116.09022556390977,-148.7611760010364,-148.76085083978765
116.2406015037594,-148.7606899993176,-148.76033089249586
116.39097744360902,-148.7602010557267,-148.75981094520404
116.54135338345864,-148.75970907347988,-148.75929099791225
116.69172932330827,-148.75921395579348,-148.75877105062042
116.84210526315789,-148.75871560588376,-148.7582511033286
116.99248120300751,-148.758213926967,-148.7577311560368
117.14285714285714,-148.75770882225945,-148.757211208745
117.29323308270676,-148.75720019497737,-148.7566912614532
117.44360902255639,-148.756687948337,-148.75617131416138
117.59398496240601,-148.75617198555466,-148.75565136686959
117.74436090225564,-148.7556522098466,-148.75513141957776
117.89473684210526,-148.7551285244291,-148.75461147228594
118.04511278195488,-148.75460083251838,-148.75409152499415
118.19548872180451,-148.75406903733077,-148.75357157770233
118.34586466165413,-148.7535330420825,-148.75305163041054
118.49624060150376,-148.75299274998983,-148.75253168311872
118.64661654135338,-148.75244806426903,-148.7520117358269
118.796992481203,-148.7518988881364,-148.7514917885351
118.94736842105263,-148.75134512480818,-148.75097184124328
119.09774436090225,-148.75078667750063,-148.7504518939515
119.24812030075188,-148.75022344943005,-148.74993194665967
119.3984962406015,-148.74965534381266,-148.74941199936785
119.54887218045113,-148.74908226386475,-148.74889205207606
119.69924812030075,-148.7485041128026,-148.74837210478424
119.84962406015038,-148.7479207938425,-148.74785215749245
120.0,-148.74733221020063,-148.74733221020063
120.15037593984962,-148.74673831179547,-148.74668562631322
120.30075187969925,-148.74613923535392,-148.74603904242585
120.45112781954887,-148.74553516430512,-148.74539245853845
120.6015037593985,-148.74492628207813,-148.74474587465104
120.75187969924812,-148.74431277210203,-148.74409929076367
120.90225563909775,-148.7436948178059,-148.74345270687627
121.05263157894737,-148.7430726026188,-148.7428061229889
121.203007518797,-148.7424463099699,-148.7421595391015
121.35338345864662,-148.7418161232882,-148.7415129552141
121.50375939849624,-148.74118222600282,-148.74086637132672
121.65413533834587,-148.74054480154282,-148.74021978743932
121.80451127819549,-148.73990403333735,-148.7395732035519
121.95488721804512,-148.73926010481546,-148.73892661966454
122.10526315789474,-148.7386131994062,-148.73828003577714
122.25563909774436,-148.73796350053868,-148.73763345188976
122.40601503759399,-148.737311191642,-148.73698686800236
122.55639097744361,-148.73665645614523,-148.73634028411496
122.70676691729324,-148.73599947747746,-148.73569370022759
122.85714285714286,-148.73534043906773,-148.73504711634018
123.00751879699249,-148.73467952434518,-148.73440053245278
123.15789473684211,-148.7340169167389,-148.7337539485654
123.30827067669173,-148.733352799678,-148.733107364678
123.45864661654136,-148.73268735659147,-148.7324607807906
123.60902255639098,-148.7320207709085,-148.73181419690323
123.7593984962406,-148.73135322605808,-148.73116761301583
123.90977443609023,-148.7306849054694,-148.73052102912845
124.06015037593986,-148.73001599257142,-148.72987444524105
124.21052631578948,-148.7293466707933,-148.72922786135365
124.3609022556391,-148.72867712356413,-148.72858127746628
124.51127819548873,-148.72800753431298,-148.72793469357887
124.66165413533835,-148.72733808646893,-148.72728810969147
124.81203007518798,-148.726668963461,-148.7266415258041
124.9624060150376,-148.72600034871843,-148.7259949419167
125.11278195488723,-148.72533240153842,-148.72531932100495
125.26315789473685,-148.72466507118216,-148.72463402108505
125.41353383458647,-148.72399819876466,-148.7239487211652
125.5639097744361,-148.72333162450718,-148.7232634212453
125.71428571428571,-148.72266518863088,-148.72257812132543
125.86466165413533,-148.72199873135705,-148.72189282140556
126.01503759398496,-148.7213320929068,-148.72120752148567
126.16541353383458,-148.72066511350147,-148.7205222215658
126.3157894736842,-148.71999763336217,-148.7198369216459
126.46616541353383,-148.7193294927102,-148.71915162172604
126.61654135338345,-148.7186605317668,-148.71846632180615
126.76691729323308,-148.7179905907531,-148.71778102188628
126.9172932330827,-148.7173195098904,-148.7170957219664
127.06766917293233,-148.71664712939986,-148.71641042204652
127.21804511278195,-148.71597328950273,-148.71572512212663
127.36842105263158,-148.71529783042018,-148.71503982220676
127.5187969924812,-148.71462059237354,-148.71435452228687
127.66917293233082,-148.71394141558397,-148.713669222367
127.81954887218045,-148.71326014027264,-148.7129839224471
127.96992481203007,-148.71257660666086,-148.71229862252724
128.1203007518797,-148.71189065496978,-148.71161332260735
128.2706766917293,-148.71120212542064,-148.71092802268748
128.42105263157896,-148.7105108582347,-148.7102427227676
128.57142857142856,-148.70981669363312,-148.70955742284772
128.7218045112782,-148.70911947183714,-148.70887212292786
128.8721804511278,-148.708419033068,-148.70818682300796
129.02255639097746,-148.7077152175469,-148.7075015230881
129.17293233082705,-148.70700786549506,-148.7068162231682
129.3233082706767,-148.7062968171337,-148.70613092324834
129.4736842105263,-148.70558191268407,-148.70544562332844
129.62406015037595,-148.70486299236734,-148.70476032340858
129.77443609022555,-148.7041398964048,-148.70407502348868
129.9248120300752,-148.70341246501758,-148.70338972356882
130.0751879699248,-148.70268054421115,-148.70265394183485
130.22556390977445,-148.70194411302708,-148.70186767828682
130.37593984962405,-148.70120328354324,-148.70108141473878
130.5263157894737,-148.70045817362163,-148.70029515119074
130.6766917293233,-148.6997089011242,-148.6995088876427
130.82706766917292,-148.69895558391306,-148.69872262409467
130.97744360902254,-148.69819833985017,-148.69793636054663
131.12781954887217,-148.6974372867975,-148.6971500969986
131.2781954887218,-148.69667254261714,-148.69636383345056
131.42857142857142,-148.69590422517103,-148.69557756990253
131.57894736842104,-148.69513245232122,-148.6947913063545
131.72932330827066,-148.6943573419297,-148.69400504280648
131.8796992481203,-148.69357901185847,-148.69321877925844
132.0300751879699,-148.69279757996958,-148.6924325157104
132.18045112781954,-148.692013164125,-148.69164625216237
132.33082706766916,-148.69122588218676,-148.69085998861433
132.4812030075188,-148.6904358520169,-148.6900737250663
132.6315789473684,-148.68964319147733,-148.68928746151826
132.78195488721803,-148.68884801843018,-148.68850119797023
132.93233082706766,-148.6880504507374,-148.6877149344222
133.08270676691728,-148.68725060626096,-148.68692867087415
133.2330827067669,-148.68644860286295,-148.68614240732612
133.38345864661653,-148.68564455840533,-148.68535614377808
133.53383458646616,-148.68483859075013,-148.68456988023004
133.68421052631578,-148.68403081775938,-148.683783616682
133.8345864661654,-148.68322135729503,-148.68299735313397
133.98496240601503,-148.68241032721912,-148.68221108958593
134.13533834586465,-148.6815978453937,-148.6814248260379
134.28571428571428,-148.68078402968067,-148.68063856248986
134.4360902255639,-148.67996899794215,-148.67985229894182
134.58646616541353,-148.67915286804012,-148.6790660353938
134.73684210526315,-148.67833575783658,-148.67827977184575
134.88721804511277,-148.67751778519354,-148.67749350829772
135.0375939849624,-148.676699067973,-148.6767017902453
135.18796992481202,-148.675879724037,-148.67589370867958
135.33834586466165,-148.67505987124753,-148.67508562711387
135.48872180451127,-148.67423962746656,-148.67427754554816
135.6390977443609,-148.67341911055618,-148.67346946398246
135.78947368421052,-148.67259843837832,-148.67266138241675
135.93984962406014,-148.67177772879506,-148.67185330085104
136.09022556390977,-148.67095709966836,-148.67104521928533
136.2406015037594,-148.67013666886024,-148.67023713771962
136.39097744360902,-148.66931655423275,-148.66942905615392
136.54135338345864,-148.66849687364785,-148.6686209745882
136.69172932330827,-148.66767774496756,-148.6678128930225
136.8421052631579,-148.66685928605392,-148.6670048114568
136.99248120300751,-148.66604161476891,-148.66619672989108
137.14285714285714,-148.66522484897453,-148.66538864832538
137.29323308270676,-148.6644091065328,-148.66458056675967
137.4436090225564,-148.66359450530572,-148.66377248519396
137.593984962406,-148.66278116315536,-148.66296440362825
137.74436090225564,-148.66196919794365,-148.66215632206254
137.89473684210526,-148.66115872753264,-148.66134824049684
138.04511278195488,-148.66034986978434,-148.66054015893113
138.1954887218045,-148.65954274256077,-148.65973207736542
138.34586466165413,-148.65873746372392,-148.65892399579974
138.49624060150376,-148.65793415113578,-148.65811591423403
138.64661654135338,-148.6571329226584,-148.65730783266832
138.796992481203,-148.65633389615374,-148.65649975110261
138.94736842105263,-148.65553718948388,-148.6556916695369
139.09774436090225,-148.65474292051078,-148.6548835879712
139.24812030075188,-148.6539512070965,-148.6540755064055
139.3984962406015,-148.65316216710298,-148.65326742483978
139.54887218045113,-148.65237591839224,-148.65245934327407
139.69924812030075,-148.65159257882632,-148.65165126170837
139.84962406015038,-148.65081226626725,-148.65084318014266
140.0,-148.65003509857698,-148.65003509857695
