dihedral,spline,linear
0.0,-148.78482403629542,-148.78482403629542
0.45112781954887216,-148.78482758235813,-148.78484493877755
0.9022556390977443,-148.78483294060297,-148.7848658412597
1.3533834586466165,-148.78484008541264,-148.78488674374182
1.8045112781954886,-148.78484899116967,-148.78490764622396
2.2556390977443606,-148.78485963225685,-148.7849285487061
2.706766917293233,-148.78487198305675,-148.78494945118823
3.1578947368421053,-148.78488601795206,-148.78497035367036
3.6090225563909772,-148.7849017113254,-148.78499125615247
4.060150375939849,-148.7849190375595,-148.7850121586346
4.511278195488721,-148.7849379710369,-148.78503306111674
4.962406015037594,-148.78495848614037,-148.78505396359887
5.413533834586466,-148.78498055725245,-148.785074866081
5.864661654135338,-148.78500415875592,-148.78509576856314
6.315789473684211,-148.78502926503333,-148.78511667104527
6.7669172932330826,-148.7850558504674,-148.7851375735274
7.2180451127819545,-148.78508388944073,-148.78515847600954
7.669172932330826,-148.785113356336,-148.78517937849168
8.120300751879698,-148.7851442255359,-148.7852002809738
8.571428571428571,-148.78517647142303,-148.78522118345595
9.022556390977442,-148.78521006838002,-148.78524208593808
9.473684210526315,-148.78524499078966,-148.78526298842021
9.924812030075188,-148.78528121303444,-148.78528389090235
10.375939849624059,-148.7853187094971,-148.78532825215183
10.827067669172932,-148.78535745456028,-148.7853773051548
11.278195488721805,-148.78539742260665,-148.78542635815776
11.729323308270676,-148.78543858801885,-148.78547541116075
12.180451127819548,-148.7854809251795,-148.78552446416373
12.631578947368421,-148.78552440847133,-148.78557351716668
13.082706766917292,-148.78556901227694,-148.78562257016966
13.533834586466165,-148.78561471097896,-148.78567162317262
13.984962406015036,-148.78566147896012,-148.7857206761756
14.436090225563909,-148.78570929060302,-148.78576972917858
14.887218045112782,-148.78575812029032,-148.78581878218154
15.338345864661653,-148.7858079424047,-148.78586783518452
15.789473684210526,-148.7858587313288,-148.7859168881875
16.240601503759397,-148.7859104614452,-148.78596594119045
16.69172932330827,-148.7859631071367,-148.78601499419344
17.142857142857142,-148.78601664278588,-148.7860640471964
17.593984962406015,-148.78607104277535,-148.78611310019937
18.045112781954884,-148.78612628148784,-148.78616215320235
18.496240601503757,-148.78618233330593,-148.7862112062053
18.94736842105263,-148.78623917261234,-148.7862602592083
19.398496240601503,-148.7862967737897,-148.78630931221127
19.849624060150376,-148.78635511122067,-148.78635836521423
20.30075187969925,-148.78641415683086,-148.78641507721406
20.751879699248118,-148.7864738539824,-148.7864756187123
21.20300751879699,-148.78653412760957,-148.78653616021057
21.654135338345863,-148.78659490233952,-148.78659670170882
22.105263157894736,-148.78665610279918,-148.7866572432071
22.55639097744361,-148.78671765361582,-148.78671778470533
23.00751879699248,-148.78677947941645,-148.7867783262036
23.45864661654135,-148.78684150482817,-148.78683886770185
23.909774436090224,-148.78690365447807,-148.78689940920012
24.360902255639097,-148.78696585299326,-148.78695995069836
24.81203007518797,-148.7870280250008,-148.7870204921966
25.263157894736842,-148.7870900951278,-148.78708103369488
25.71428571428571,-148.7871519880013,-148.78714157519312
26.165413533834585,-148.7872136282485,-148.7872021166914
26.616541353383457,-148.78727494049647,-148.78726265818963
27.06766917293233,-148.78733584937223,-148.7873231996879
27.518796992481203,-148.7873962795029,-148.78738374118615
27.969924812030072,-148.7874561555156,-148.78744428268442
28.421052631578945,-148.78751540203743,-148.78750482418266
28.872180451127818,-148.7875739436954,-148.7875653656809
29.32330827067669,-148.78763170511667,-148.78762590717918
29.774436090225564,-148.78768861092834,-148.78768644867742
30.225563909774433,-148.78774459034636,-148.78774527321568
30.676691729323306,-148.78779967813006,-148.78780238079392
31.12781954887218,-148.78785401458228,-148.78785948837216
31.57894736842105,-148.78790774459475,-148.7879165959504
32.03007518796992,-148.78796101305915,-148.78797370352865
32.48120300751879,-148.78801396486716,-148.78803081110686
32.932330827067666,-148.7880667449104,-148.7880879186851
33.38345864661654,-148.78811949808062,-148.78814502626335
33.83458646616541,-148.7881723692695,-148.7882021338416
34.285714285714285,-148.78822550336866,-148.78825924141984
34.73684210526316,-148.7882790452699,-148.78831634899808
35.18796992481203,-148.78833313986476,-148.78837345657632
35.6390977443609,-148.78838793204505,-148.78843056415457
36.09022556390977,-148.78844356670237,-148.7884876717328
36.54135338345864,-148.78850018872848,-148.78854477931102
36.992481203007515,-148.788557943015,-148.78860188688927
37.44360902255639,-148.78861697445362,-148.7886589944675
37.89473684210526,-148.78867742793605,-148.78871610204575
38.34586466165413,-148.7887394483539,-148.788773209624
38.796992481203006,-148.78880318059896,-148.78883031720224
39.24812030075188,-148.78886876956287,-148.78888742478048
39.69924812030075,-148.7889363601373,-148.78894453235873
40.150375939849624,-148.7890060952017,-148.7890093152247
40.6015037593985,-148.7890779969,-148.78908944866618
41.05263157894736,-148.78915190023636,-148.78916958210763
41.503759398496236,-148.78922762411676,-148.7892497155491
41.95488721804511,-148.78930498744722,-148.78932984899055
42.40601503759398,-148.78938380913382,-148.789409982432
42.857142857142854,-148.78946390808244,-148.78949011587346
43.30827067669173,-148.78954510319926,-148.78957024931495
43.7593984962406,-148.78962721339022,-148.7896503827564
44.21052631578947,-148.78971005756134,-148.78973051619786
44.661654135338345,-148.7897934546187,-148.78981064963932
45.11278195488722,-148.78987722346824,-148.78989078308078
45.56390977443609,-148.789961183016,-148.78997091652224
46.01503759398496,-148.79004515216803,-148.79005104996372
46.46616541353383,-148.79012894983035,-148.79013118340518
46.9172932330827,-148.790212394909,-148.79021131684664
47.368421052631575,-148.7902953063099,-148.7902914502881
47.81954887218045,-148.79037750293915,-148.79037158372955
48.27067669172932,-148.7904588037028,-148.79045171717104
48.721804511278194,-148.79053902750684,-148.7905318506125
49.17293233082707,-148.79061799325726,-148.79061198405395
49.62406015037594,-148.79069551986012,-148.7906921174954
50.07518796992481,-148.7907714264047,-148.79076894966246
50.526315789473685,-148.7908455941144,-148.79082927545753
50.97744360902255,-148.7909180565236,-148.79088960125256
51.42857142857142,-148.79098887007748,-148.79094992704762
51.879699248120296,-148.79105809122115,-148.79101025284265
52.33082706766917,-148.7911257763998,-148.79107057863772
52.78195488721804,-148.7911919820586,-148.79113090443275
53.233082706766915,-148.7912567646427,-148.7911912302278
53.68421052631579,-148.7913201805973,-148.79125155602287
54.13533834586466,-148.79138228636754,-148.7913118818179
54.58646616541353,-148.79144313839856,-148.79137220761297
55.037593984962406,-148.79150279313555,-148.791432533408
55.48872180451127,-148.79156130702367,-148.79149285920306
55.939849624060145,-148.7916187365081,-148.7915531849981
56.39097744360902,-148.791675138034,-148.79161351079316
56.84210526315789,-148.79173056804652,-148.7916738365882
57.29323308270676,-148.79178508299086,-148.79173416238325
57.744360902255636,-148.7918387393121,-148.79179448817828
58.19548872180451,-148.7918915934555,-148.79185481397334
58.64661654135338,-148.79194370186616,-148.79191513976838
59.097744360902254,-148.7919951209893,-148.79197546556344
59.54887218045113,-148.79204590727002,-148.79203579135847
60.0,-148.79209611715353,-148.79209611715353
60.451127819548866,-148.7921458014065,-148.79214212714092
60.90225563909774,-148.79219498808138,-148.7921881371283
61.35338345864661,-148.79224369955236,-148.79223414711566
61.804511278195484,-148.7922919581934,-148.79228015710305
62.25563909774436,-148.79233978637853,-148.79232616709044
62.70676691729323,-148.7923872064819,-148.79237217707782
63.1578947368421,-148.79243424087744,-148.79241818706518
63.609022556390975,-148.7924809119393,-148.79246419705257
64.06015037593984,-148.79252724204142,-148.79251020703995
64.51127819548871,-148.79257325355795,-148.79255621702734
64.96240601503759,-148.79261896886288,-148.7926022270147
65.41353383458646,-148.79266441033022,-148.79264823700208
65.86466165413533,-148.79270960033412,-148.79269424698947
66.3157894736842,-148.79275456124853,-148.79274025697686
66.76691729323308,-148.79279931544752,-148.7927862669642
67.21804511278195,-148.7928438853052,-148.7928322769516
67.66917293233082,-148.79288829319557,-148.792878286939
68.1203007518797,-148.79293256149262,-148.79292429692637
68.57142857142857,-148.79297671257046,-148.79297030691373
69.02255639097744,-148.7930207688032,-148.79301631690112
69.47368421052632,-148.79306475256476,-148.7930623268885
69.92481203007519,-148.7931086862292,-148.7931083368759
70.37593984962406,-148.79315257311643,-148.7931404216209
70.82706766917293,-148.79319628987355,-148.79316972131747
71.2781954887218,-148.79323966147274,-148.79319902101403
71.72932330827068,-148.7932825127336,-148.7932283207106
72.18045112781954,-148.79332466847586,-148.79325762040716
72.63157894736841,-148.79336595351913,-148.79328692010372
73.08270676691728,-148.79340619268308,-148.7933162198003
73.53383458646616,-148.79344521078744,-148.79334551949685
73.98496240601503,-148.7934828326518,-148.79337481919342
74.4360902255639,-148.79351888309583,-148.79340411888998
74.88721804511277,-148.79355318693925,-148.79343341858655
75.33834586466165,-148.79358556900172,-148.7934627182831
75.78947368421052,-148.79361585410288,-148.79349201797967
76.2406015037594,-148.79364386706237,-148.79352131767624
76.69172932330827,-148.79366943269991,-148.7935506173728
77.14285714285714,-148.79369237583515,-148.79357991706937
77.59398496240601,-148.79371252128777,-148.79360921676593
78.04511278195488,-148.7937296938774,-148.7936385164625
78.49624060150376,-148.79374371842374,-148.79366781615906
78.94736842105263,-148.79375441974642,-148.79369711585562
79.3984962406015,-148.7937616226652,-148.7937264155522
79.84962406015038,-148.79376515199962,-148.79375571524875
80.30075187969925,-148.79376485863742,-148.79375609565116
80.75187969924812,-148.79376089650694,-148.7937420164065
81.203007518797,-148.7937536150467,-148.79372793716186
81.65413533834587,-148.7937433669536,-148.7937138579172
82.10526315789473,-148.79373050492464,-148.79369977867256
82.5563909774436,-148.79371538165677,-148.7936856994279
83.00751879699247,-148.793698349847,-148.79367162018323
83.45864661654134,-148.79367976219226,-148.7936575409386
83.90977443609022,-148.79365997138956,-148.79364346169393
84.36090225563909,-148.7936393301358,-148.7936293824493
84.81203007518796,-148.79361819112796,-148.79361530320463
85.26315789473684,-148.7935969070631,-148.79360122395997
85.71428571428571,-148.7935758306381,-148.79358714471533
86.16541353383458,-148.79355531454993,-148.79357306547067
86.61654135338345,-148.79353571149557,-148.79355898622603
87.06766917293233,-148.793517374172,-148.79354490698137
87.5187969924812,-148.7935006552762,-148.7935308277367
87.96992481203007,-148.79348590750513,-148.79351674849207
88.42105263157895,-148.79347348355572,-148.7935026692474
88.87218045112782,-148.79346373612498,-148.79348859000277
89.32330827067669,-148.79345701790987,-148.7934745107581
89.77443609022556,-148.79345368160736,-148.79346043151344
90.22556390977444,-148.79345405675824,-148.79344418656595
90.67669172932331,-148.79345794031155,-148.79342577591558
91.12781954887218,-148.79346459662452,-148.79340736526524
91.57894736842104,-148.79347326689822,-148.7933889546149
92.03007518796991,-148.79348319233378,-148.79337054396453
92.48120300751879,-148.79349361413222,-148.7933521333142
92.93233082706766,-148.79350377349468,-148.79333372266385
93.38345864661653,-148.7935129116222,-148.79331531201348
93.8345864661654,-148.79352026971586,-148.79329690136314
94.28571428571428,-148.79352508897674,-148.7932784907128
94.73684210526315,-148.79352661060597,-148.79326008006242
95.18796992481202,-148.79352407580453,-148.79324166941208
95.6390977443609,-148.7935167257736,-148.79322325876174
96.09022556390977,-148.79350380171422,-148.79320484811137
96.54135338345864,-148.7934845448275,-148.79318643746103
96.99248120300751,-148.79345819631445,-148.7931680268107
97.44360902255639,-148.79342399737618,-148.79314961616032
97.89473684210526,-148.79338118921382,-148.79313120550998
98.34586466165413,-148.7933290130284,-148.79311279485964
98.796992481203,-148.79326671002104,-148.79309438420927
99.24812030075188,-148.79319352139277,-148.79307597355893
99.69924812030075,-148.79310868834472,-148.7930575629086
100.15037593984962,-148.79301146452892,-148.79299882997213
100.6015037593985,-148.79290185065847,-148.7928594524635
101.05263157894737,-148.792781005391,-148.79272007495484
101.50375939849623,-148.79265018699215,-148.7925806974462
101.9548872180451,-148.79251065372756,-148.79244131993755
102.40601503759397,-148.79236366386303,-148.7923019424289
102.85714285714285,-148.7922104756642,-148.7921625649203
103.30827067669172,-148.7920523473968,-148.79202318741164
103.75939849624059,-148.7918905373265,-148.791883809903
104.21052631578947,-148.79172630371903,-148.79174443239435
104.66165413533834,-148.79156090484005,-148.7916050548857
105.11278195488721,-148.7913955989553,-148.79146567737706
105.56390977443608,-148.7912316443304,-148.79132629986842
106.01503759398496,-148.7910702992311,-148.7911869223598
106.46616541353383,-148.79091282192314,-148.79104754485115
106.9172932330827,-148.79076047067215,-148.7909081673425
107.36842105263158,-148.79061450374388,-148.79076878983386
107.81954887218045,-148.790476179404,-148.79062941232522
108.27067669172932,-148.7903467559182,-148.79049003481657
108.7218045112782,-148.79022749155217,-148.79035065730793
109.17293233082707,-148.7901196445716,-148.7902112797993
109.62406015037594,-148.79002447324225,-148.79007190229066
110.07518796992481,-148.78994323504062,-148.78997391738557
110.52631578947368,-148.78987691992083,-148.79008289549824
110.97744360902254,-148.7898258620518,-148.7901918736109
111.42857142857142,-148.7897902969586,-148.79030085172357
111.87969924812029,-148.7897704601663,-148.79040982983622
112.33082706766916,-148.78976658719984,-148.7905188079489
112.78195488721803,-148.7897789135842,-148.79062778606158
113.23308270676691,-148.78980767484447,-148.79073676417423
113.68421052631578,-148.78985310650563,-148.7908457422869
114.13533834586465,-148.7899154440927,-148.79095472039958
114.58646616541353,-148.7899949231307,-148.79106369851223
115.0375939849624,-148.79009177914463,-148.7911726766249
115.48872180451127,-148.79020624765954,-148.7912816547376
115.93984962406014,-148.79033856420037,-148.79139063285024
116.39097744360902,-148.79048896429225,-148.79149961096292
116.84210526315789,-148.79065768346013,-148.7916085890756
117.29323308270676,-148.79084495722898,-148.79171756718824
117.74436090225564,-148.79105102112388,-148.79182654530092
118.19548872180451,-148.7912761106698,-148.79193552341357
118.64661654135338,-148.7915204613918,-148.79204450152625
119.09774436090225,-148.79178430881484,-148.79215347963893
119.54887218045113,-148.792067888464,-148.79226245775158
120.0,-148.79237143586425,-148.79237143586425
120.45112781954886,-148.79269477013295,-148.79272364672462
120.90225563909773,-148.79303604475672,-148.79307585758497
121.3533834586466,-148.79339299681445,-148.79342806844534
121.80451127819548,-148.79376336338515,-148.79378027930568
122.25563909774435,-148.7941448815477,-148.79413249016605
122.70676691729322,-148.79453528838116,-148.79448470102642
123.1578947368421,-148.7949323209644,-148.79483691188676
123.60902255639097,-148.79533371637632,-148.79518912274713
124.06015037593984,-148.79573721169592,-148.7955413336075
124.51127819548871,-148.79614054400213,-148.79589354446784
124.96240601503759,-148.7965414503739,-148.79624575532821
125.41353383458646,-148.79693766789018,-148.79659796618856
125.86466165413533,-148.7973269336299,-148.79695017704893
126.3157894736842,-148.797706984672,-148.7973023879093
126.76691729323308,-148.79807555809543,-148.79765459876964
127.21804511278195,-148.79843039097915,-148.79800680963
127.66917293233082,-148.7987692204021,-148.79835902049035
128.12030075187968,-148.7990897834432,-148.79871123135072
128.57142857142856,-148.7993898171814,-148.7990634422111
129.02255639097743,-148.7996670586957,-148.79941565307143
129.4736842105263,-148.79991924506496,-148.7997678639318
129.92481203007517,-148.80014411336816,-148.80012007479218
130.37593984962405,-148.80033978754457,-148.8001926190953
130.82706766917292,-148.80050696338066,-148.80020923008698
131.2781954887218,-148.80064738582809,-148.80022584107866
131.72932330827066,-148.80076280293343,-148.80024245207034
132.18045112781954,-148.8008549627432,-148.80025906306201
132.6315789473684,-148.8009256133039,-148.8002756740537
133.08270676691728,-148.80097650266208,-148.80029228504537
133.53383458646616,-148.80100937886425,-148.80030889603705
133.98496240601503,-148.801025989957,-148.80032550702873
134.4360902255639,-148.80102808398684,-148.8003421180204
134.88721804511277,-148.80101740900025,-148.8003587290121
135.33834586466165,-148.80099571304385,-148.80037534000377
135.78947368421052,-148.80096474416413,-148.80039195099545
136.2406015037594,-148.8009262504076,-148.80040856198713
136.69172932330827,-148.80088197982082,-148.8004251729788
137.14285714285714,-148.80083368045027,-148.80044178397048
137.593984962406,-148.80078310034258,-148.80045839496216
138.04511278195488,-148.8007319875442,-148.80047500595384
138.49624060150376,-148.8006820901017,-148.80049161694552
138.94736842105263,-148.8006351560616,-148.8005082279372
139.3984962406015,-148.80059293347045,-148.80052483892888
139.84962406015038,-148.80055717037473,-148.80054144992056
140.30075187969925,-148.80052948819448,-148.80054796730207
140.75187969924812,-148.80051003631573,-148.80054943787846
141.203007518797,-148.80049801442522,-148.80055090845485
141.65413533834587,-148.80049260638137,-148.80055237903127
142.10526315789474,-148.8004929960427,-148.80055384960767
142.5563909774436,-148.80049836726764,-148.80055532018406
143.00751879699249,-148.8005079039146,-148.80055679076048
143.45864661654136,-148.800520789842,-148.80055826133687
143.90977443609023,-148.80053620890837,-148.80055973191327
144.36090225563908,-148.80055334497212,-148.8005612024897
144.81203007518795,-148.8005713818917,-148.80056267306608
145.26315789473682,-148.8005895035255,-148.80056414364248
145.7142857142857,-148.800606893732,-148.8005656142189
146.16541353383457,-148.80062273636972,-148.8005670847953
146.61654135338344,-148.80063621529703,-148.80056855537168
147.0676691729323,-148.80064651437235,-148.80057002594808
147.51879699248119,-148.80065281745422,-148.8005714965245
147.96992481203006,-148.80065430840102,-148.8005729671009
148.42105263157893,-148.8006501710712,-148.80057443767728
148.8721804511278,-148.80063958932314,-148.8005759082537
149.32330827067668,-148.8006217470154,-148.8005773788301
149.77443609022555,-148.80059582800644,-148.8005788494065
150.22556390977442,-148.80056105258967,-148.8005488460066
150.6766917293233,-148.80051747906583,-148.80048736863034
151.12781954887217,-148.8004660037427,-148.8004258912541
151.57894736842104,-148.80040755936315,-148.80036441387784
152.0300751879699,-148.80034307867004,-148.8003029365016
152.4812030075188,-148.8002734944062,-148.80024145912535
152.93233082706766,-148.80019973931456,-148.8001799817491
153.38345864661653,-148.80012274613796,-148.80011850437285
153.8345864661654,-148.80004344761932,-148.80005702699663
154.28571428571428,-148.79996277650142,-148.79999554962038
154.73684210526315,-148.79988166552718,-148.79993407224413
155.18796992481202,-148.79980104743947,-148.79987259486788
155.6390977443609,-148.7997218549812,-148.79981111749163
156.09022556390977,-148.79964502089518,-148.79974964011538
156.54135338345864,-148.79957147792427,-148.79968816273913
156.99248120300751,-148.7995021588114,-148.79962668536288
157.4436090225564,-148.79943799629945,-148.79956520798666
157.89473684210526,-148.7993799231312,-148.7995037306104
158.34586466165413,-148.79932887204959,-148.79944225323416
158.796992481203,-148.79928577579744,-148.7993807758579
159.24812030075188,-148.7992515671177,-148.79931929848166
159.69924812030075,-148.79922717875317,-148.7992578211054
160.15037593984962,-148.79921353331684,-148.79923559461213
160.6015037593985,-148.79921094562854,-148.79929186988468
161.05263157894737,-148.7992187884286,-148.79934814515727
161.50375939849624,-148.79923635341822,-148.79940442042985
161.95488721804512,-148.7992629322987,-148.79946069570244
162.406015037594,-148.79929781677123,-148.799516970975
162.85714285714286,-148.79934029853712,-148.79957324624758
163.30827067669173,-148.79938966929757,-148.79962952152016
163.75939849624058,-148.79944522075382,-148.79968579679274
164.21052631578945,-148.7995062446072,-148.7997420720653
164.66165413533832,-148.7995720325588,-148.79979834733788
165.1127819548872,-148.79964187631003,-148.79985462261047
165.56390977443607,-148.79971506756203,-148.79991089788305
166.01503759398494,-148.79979089801608,-148.7999671731556
166.46616541353382,-148.79986865937343,-148.8000234484282
166.9172932330827,-148.79994764333537,-148.80007972370078
167.36842105263156,-148.80002714160304,-148.80013599897336
167.81954887218043,-148.80010644587773,-148.80019227424592
168.2706766917293,-148.80018484786072,-148.8002485495185
168.72180451127818,-148.80026163925322,-148.80030482479108
169.17293233082705,-148.80033611175654,-148.80036110006367
169.62406015037593,-148.8004075570718,-148.80041737533625
170.0751879699248,-148.80047526690038,-148.8004576694186
170.52631578947367,-148.80053853294342,-148.8004180575498
170.97744360902254,-148.80059664690225,-148.80037844568102
171.42857142857142,-148.8006489004781,-148.80033883381222
171.8796992481203,-148.80069458537213,-148.80029922194342
172.33082706766916,-148.80073299328566,-148.80025961007465
172.78195488721803,-148.80076341591996,-148.80021999820585
173.2330827067669,-148.80078514497626,-148.80018038633705
173.68421052631578,-148.80079747215575,-148.80014077446828
174.13533834586465,-148.8007996891597,-148.80010116259947
174.58646616541353,-148.8007910876894,-148.8000615507307
175.0375939849624,-148.80077095944606,-148.8000219388619
175.48872180451127,-148.8007385961309,-148.7999823269931
175.93984962406014,-148.80069328944523,-148.79994271512433
176.39097744360902,-148.80063433109027,-148.79990310325553
176.8421052631579,-148.80056101276722,-148.79986349138673
177.29323308270676,-148.80047262617737,-148.79982387951796
177.74436090225564,-148.80036846302198,-148.79978426764916
178.1954887218045,-148.80024781500228,-148.7997446557804
178.64661654135338,-148.8001099738195,-148.7997050439116
179.09774436090225,-148.7999542311749,-148.7996654320428
179.54887218045113,-148.79977987876973,-148.79962582017401
180.0,-148.79958620830521,-148.79958620830521
