oo,spline,linear
1.0,-148.37530808258398,-148.37530808258398
1.005012531328321,-148.3894057609482,-148.38635685117336
1.0100250626566416,-148.40315310990601,-148.3974056197627
1.0150375939849625,-148.41655490016498,-148.40845438835208
1.0200501253132832,-148.42961590243266,-148.41950315694146
1.0250626566416041,-148.4423408874166,-148.4305519255308
1.0300751879699248,-148.45473462582441,-148.44160069412018
1.0350877192982457,-148.4668018883636,-148.45264946270953
1.0401002506265664,-148.47854744574184,-148.4636982312989
1.0451127819548873,-148.48997606866655,-148.47474699988828
1.050125313283208,-148.50109252784546,-148.48579576847763
1.055137844611529,-148.511901593986,-148.496844537067
1.0601503759398496,-148.52240803779583,-148.50789330565638
1.0651629072681705,-148.5326166299824,-148.51894207424573
1.0701754385964912,-148.54253214125347,-148.5299908428351
1.0751879699248121,-148.55215934231643,-148.54103961142445
1.0802005012531328,-148.56150300387893,-148.55208838001383
1.0852130325814537,-148.57056789664853,-148.5631371486032
1.0902255639097744,-148.57935879133277,-148.57418591719255
1.0952380952380953,-148.58788045863923,-148.58523468578193
1.100250626566416,-148.59613766927552,-148.59602417968452
1.105263157894737,-148.60413519394913,-148.60188745453846
1.1102756892230576,-148.61187780336772,-148.6077507293924
1.1152882205513786,-148.61937026823875,-148.6136140042463
1.1203007518796992,-148.6266173592699,-148.61947727910024
1.1253132832080202,-148.63362384716862,-148.62534055395417
1.130325814536341,-148.6403945026426,-148.6312038288081
1.1353383458646618,-148.64693409639932,-148.63706710366205
1.1403508771929824,-148.65324739914635,-148.64293037851596
1.1453634085213034,-148.65933918159132,-148.6487936533699
1.1503759398496243,-148.66521421444176,-148.65465692822383
1.155388471177945,-148.6708772684052,-148.66052020307777
1.1604010025062659,-148.6763331141893,-148.6663834779317
1.1654135338345866,-148.68158652250153,-148.6722467527856
1.1704260651629075,-148.6866422640495,-148.67811002763955
1.1754385964912282,-148.6915051095408,-148.68397330249348
1.180451127819549,-148.69617982968293,-148.68983657734742
1.1854636591478698,-148.70067119518353,-148.69569985220136
1.1904761904761907,-148.70498397675016,-148.70156312705527
1.1954887218045114,-148.70912294509037,-148.7074264019092
1.2005012531328323,-148.71309287106885,-148.71296725705616
1.205513784461153,-148.71689873407846,-148.71560633484043
1.210526315789474,-148.72054613312523,-148.7182454126247
1.2155388471177946,-148.7240407817719,-148.72088449040896
1.2205513784461155,-148.72738839358144,-148.72352356819323
1.2255639097744362,-148.7305946821166,-148.72616264597747
1.230576441102757,-148.73366536094034,-148.72880172376173
1.2355889724310778,-148.7366061436154,-148.731440801546
1.2406015037593987,-148.73942274370475,-148.73407987933027
1.2456140350877196,-148.7421208747712,-148.73671895711453
1.2506265664160403,-148.74470625037765,-148.7393580348988
1.255639097744361,-148.74718458408688,-148.74199711268304
1.260651629072682,-148.74956158946176,-148.7446361904673
1.2656641604010028,-148.75184298006522,-148.74727526825157
1.2706766917293235,-148.75403446946004,-148.74991434603584
1.2756892230576442,-148.75614177120914,-148.7525534238201
1.2807017543859651,-148.75817059887538,-148.75519250160437
1.285714285714286,-148.76012666602153,-148.7578315793886
1.2907268170426067,-148.76201568621053,-148.76047065717287
1.2957393483709276,-148.76384337300522,-148.76310973495714
1.3007518796992483,-148.76561543645124,-148.7655346877426
1.3057644110275692,-148.7673360157069,-148.76674626553466
1.31077694235589,-148.76900521152947,-148.76795784332674
1.3157894736842108,-148.77062248467539,-148.76916942111885
1.3208020050125315,-148.77218729590112,-148.77038099891092
1.3258145363408524,-148.77369910596306,-148.771592576703
1.3308270676691731,-148.7751573756177,-148.77280415449508
1.335839598997494,-148.77656156562162,-148.77401573228718
1.3408521303258147,-148.77791113673106,-148.77522731007926
1.3458646616541357,-148.77920554970265,-148.77643888787134
1.3508771929824563,-148.78044426529272,-148.7776504656634
1.3558897243107773,-148.78162674425778,-148.77886204345552
1.3609022556390982,-148.7827524473543,-148.7800736212476
1.3659147869674189,-148.7838208353387,-148.78128519903967
1.3709273182957395,-148.78483136896747,-148.78249677683178
1.3759398496240605,-148.78578350899704,-148.78370835462385
1.3809523809523814,-148.78667671618385,-148.78491993241593
1.385964912280702,-148.78751045128442,-148.786131510208
1.3909774436090228,-148.78828417505514,-148.7873430880001
1.3959899749373437,-148.78899734825248,-148.7885546657922
1.4010025062656646,-148.78964943518199,-148.78955608754373
1.4060150375939853,-148.79024065255473,-148.78971688513315
1.411027568922306,-148.79077289579783,-148.78987768272253
1.4160401002506269,-148.7912482874798,-148.79003848031192
1.4210526315789478,-148.79166895016908,-148.79019927790134
1.4260651629072685,-148.79203700643413,-148.79036007549072
1.4310776942355894,-148.79235457884337,-148.79052087308014
1.43609022556391,-148.79262378996526,-148.79068167066953
1.441102756892231,-148.79284676236833,-148.79084246825892
1.4461152882205517,-148.79302561862096,-148.79100326584833
1.4511278195488726,-148.79316248129166,-148.79116406343772
1.4561403508771933,-148.79325947294882,-148.79132486102714
1.4611528822055142,-148.79331871616094,-148.79148565861652
1.466165413533835,-148.79334233349647,-148.7916464562059
1.4711779448621558,-148.79333244752388,-148.79180725379533
1.4761904761904765,-148.7932911808116,-148.7919680513847
1.4812030075187974,-148.7932206559281,-148.79212884897413
1.486215538847118,-148.79312299544182,-148.79228964656352
1.491228070175439,-148.79300032192126,-148.7924504441529
1.49624060150376,-148.79285475793483,-148.79261124174232
1.5012531328320806,-148.79268842113885,-148.7926451184286
1.5062656641604013,-148.79250283481986,-148.79229823240556
1.5112781954887222,-148.79229836790992,-148.7919513463825
1.5162907268170431,-148.7920752567131,-148.79160446035945
1.5213032581453638,-148.79183373753347,-148.7912575743364
1.5263157894736845,-148.7915740466751,-148.79091068831335
1.5313283208020054,-148.79129642044205,-148.7905638022903
1.5363408521303263,-148.7910010951384,-148.79021691626727
1.541353383458647,-148.79068830706828,-148.7898700302442
1.5463659147869677,-148.7903582925357,-148.78952314422116
1.5513784461152886,-148.79001128784478,-148.7891762581981
1.5563909774436095,-148.78964752929954,-148.78882937217506
1.5614035087719302,-148.78926725320414,-148.78848248615202
1.566416040100251,-148.78887069586258,-148.78813560012895
1.5714285714285718,-148.78845809357895,-148.78778871410591
1.5764411027568928,-148.78802968265734,-148.78744182808288
1.5814536340852134,-148.7875856994018,-148.7870949420598
1.5864661654135344,-148.78712638011646,-148.78674805603677
1.5914786967418553,-148.78665196110535,-148.78640117001373
1.596491228070176,-148.78616267867255,-148.78605428399067
1.6015037593984967,-148.78565877297578,-148.7856378862639
1.6065162907268176,-148.78514078232737,-148.7850592945618
1.6115288220551385,-148.78460975043285,-148.78448070285967
1.6165413533834592,-148.7840667699527,-148.78390211115754
1.6215538847117799,-148.78351293354723,-148.78332351945542
1.6265664160401008,-148.78294933387707,-148.7827449277533
1.6315789473684217,-148.78237706360258,-148.7821663360512
1.6365914786967424,-148.78179721538433,-148.78158774434908
1.641604010025063,-148.7812108818827,-148.78100915264696
1.646616541353384,-148.78061915575827,-148.78043056094484
1.651629072681705,-148.78002312967138,-148.7798519692427
1.6566416040100256,-148.7794238962825,-148.7792733775406
1.6616541353383463,-148.7788225482522,-148.7786947858385
1.6666666666666672,-148.77822017824087,-148.77811619413637
1.671679197994988,-148.777617878909,-148.77753760243425
1.6766917293233088,-148.77701674291706,-148.77695901073213
1.6817042606516295,-148.77641786292548,-148.77638041903
1.6867167919799504,-148.7758223315948,-148.77580182732788
1.6917293233082713,-148.77523124158543,-148.77522323562576
1.696741854636592,-148.77464568555786,-148.77464464392366
1.7017543859649127,-148.7740667484379,-148.7740921520501
1.7067669172932338,-148.77349510223831,-148.77358813128666
1.7117794486215545,-148.772930806762,-148.77308411052323
1.7167919799498752,-148.77237387226938,-148.7725800897598
1.7218045112781961,-148.771824309021,-148.77207606899637
1.726817042606517,-148.77128212727735,-148.77157204823294
1.7318295739348377,-148.7707473372989,-148.7710680274695
1.7368421052631584,-148.77021994934623,-148.77056400670608
1.7418546365914793,-148.76969997367974,-148.77005998594265
1.7468671679198002,-148.76918742055997,-148.76955596517922
1.751879699248121,-148.7686823002474,-148.7690519444158
1.7568922305764416,-148.76818462300253,-148.76854792365236
1.7619047619047625,-148.7676943990859,-148.76804390288893
1.7669172932330834,-148.76721163875794,-148.7675398821255
1.7719298245614041,-148.76673635227922,-148.76703586136207
1.7769423558897248,-148.76626854991014,-148.76653184059865
1.7819548872180457,-148.7658082419113,-148.76602781983522
1.7869674185463666,-148.76535543854314,-148.7655237990718
1.7919799498746873,-148.76491015006619,-148.76501977830839
1.796992481203008,-148.7644723867409,-148.76451575754496
1.802005012531329,-148.7640421528564,-148.76405706459892
1.8070175438596499,-148.76361922056446,-148.763666363379
1.8120300751879705,-148.7632030604622,-148.7632756621591
1.8170426065162912,-148.76279312299326,-148.76288496093918
1.8220551378446121,-148.76238885860138,-148.76249425971926
1.827067669172933,-148.7619897177303,-148.76210355849935
1.8320802005012538,-148.76159515082358,-148.76171285727943
1.8370927318295747,-148.76120460832502,-148.76132215605952
1.8421052631578956,-148.76081754067835,-148.7609314548396
1.8471177944862163,-148.76043339832717,-148.7605407536197
1.852130325814537,-148.7600516317152,-148.76015005239978
1.8571428571428579,-148.75967169128623,-148.75975935117987
1.8621553884711788,-148.75929302748384,-148.75936864995995
1.8671679197994995,-148.75891509075174,-148.75897794874004
1.8721804511278202,-148.75853733153372,-148.75858724752013
1.877192982456141,-148.75815920027338,-148.7581965463002
1.882205513784462,-148.75778014741445,-148.7578058450803
1.8872180451127827,-148.75739962340063,-148.75741514386038
1.8922305764411034,-148.75701707867563,-148.75702444264047
1.8972431077694243,-148.7566319636831,-148.75663374142056
1.9022556390977452,-148.75624374445687,-148.75624295979665
1.907268170426066,-148.75585234624106,-148.75585207990122
1.9122807017543866,-148.75545821751865,-148.75546120000575
1.9172932330827075,-148.75506183523677,-148.75507032011032
1.9223057644110284,-148.75466367634237,-148.75467944021486
1.927318295739349,-148.7542642177825,-148.7542885603194
1.9323308270676698,-148.75386393650422,-148.75389768042396
1.9373433583959907,-148.75346330945453,-148.7535068005285
1.9423558897243116,-148.7530628135805,-148.75311592063306
1.9473684210526323,-148.75266292582918,-148.7527250407376
1.952380952380953,-148.75226412314754,-148.75233416084214
1.957393483709274,-148.75186688248266,-148.7519432809467
1.9624060150375948,-148.75147168078155,-148.75155240105124
1.9674185463659155,-148.75107899499127,-148.75116152115578
1.9724310776942364,-148.75068930205884,-148.75077064126035
1.9774436090225573,-148.75030307893132,-148.75037976136488
1.982456140350878,-148.74992080255572,-148.74998888146945
1.9874686716791987,-148.7495429498791,-148.749598001574
1.9924812030075196,-148.74916999784844,-148.74920712167852
1.9974937343358405,-148.74880242341084,-148.7488162417831
2.0025062656641612,-148.74844069245512,-148.74846853498613
2.007518796992482,-148.74808501653234,-148.7481640012877
2.0125313283208026,-148.74773535285573,-148.74785946758928
2.0175438596491233,-148.74739164758023,-148.74755493389085
2.0225563909774444,-148.74705384686092,-148.74725040019243
2.0275689223057656,-148.7467218968529,-148.746945866494
2.0325814536340863,-148.74639574371113,-148.74664133279558
2.037593984962407,-148.74607533359068,-148.74633679909715
2.0426065162907276,-148.7457606126465,-148.74603226539872
2.0476190476190483,-148.7454515270337,-148.7457277317003
2.052631578947369,-148.7451480229073,-148.74542319800184
2.05764411027569,-148.74485004642233,-148.74511866430342
2.062656641604011,-148.74455754373383,-148.744814130605
2.067669172932332,-148.74427046099683,-148.74450959690657
2.0726817042606527,-148.74398874436636,-148.74420506320814
2.0776942355889734,-148.74371233999742,-148.74390052950972
2.082706766917294,-148.7434411940451,-148.7435959958113
2.0877192982456148,-148.74317525266437,-148.74329146211286
2.0927318295739354,-148.7429144620103,-148.74298692841444
2.0977443609022566,-148.74265876823793,-148.742682394716
2.1027568922305773,-148.74240811936463,-148.7424353801759
2.1077694235588984,-148.74216249764214,-148.7422354267653
2.112781954887219,-148.74192191536733,-148.7420354733547
2.11779448621554,-148.74168638585707,-148.7418355199441
2.1228070175438605,-148.7414559224283,-148.7416355665335
2.127819548872181,-148.7412305383979,-148.7414356131229
2.132832080200502,-148.74101024708278,-148.7412356597123
2.137844611528823,-148.74079506179982,-148.7410357063017
2.1428571428571437,-148.74058499586593,-148.7408357528911
2.147869674185465,-148.74038006259806,-148.74063579948051
2.1528822055137855,-148.740180275313,-148.74043584606991
2.157894736842106,-148.73998564732773,-148.7402358926593
2.162907268170427,-148.73979619195913,-148.7400359392487
2.1679197994987476,-148.7396119225241,-148.7398359858381
2.1729323308270687,-148.73943285233952,-148.7396360324275
2.1779448621553894,-148.7392589947223,-148.7394360790169
2.1829573934837105,-148.73909036298934,-148.7392361256063
2.1879699248120312,-148.73892697045753,-148.7390361721957
2.192982456140352,-148.7387688304438,-148.7388362187851
2.1979949874686726,-148.73861595626502,-148.73863626537454
2.2030075187969933,-148.7384683383389,-148.7384742506505
2.208020050125314,-148.7383256244428,-148.7383375283842
2.213032581453635,-148.73818719858915,-148.7382008061179
2.218045112781956,-148.73805243800524,-148.73806408385158
2.223057644110277,-148.7379207199185,-148.7379273615853
2.2280701754385976,-148.73779142155618,-148.73779063931897
2.2330827067669183,-148.7376639201458,-148.73765391705268
2.238095238095239,-148.73753759291458,-148.73751719478636
2.2431077694235597,-148.73741181709,-148.73738047252007
2.2481203007518804,-148.73728596989935,-148.73724375025375
2.2531328320802015,-148.73715942857004,-148.73710702798746
2.2581453634085222,-148.7370315703294,-148.73697030572114
2.2631578947368434,-148.73690177240482,-148.73683358345485
2.268170426065164,-148.73676941202368,-148.73669686118856
2.2731829573934847,-148.73663386641334,-148.73656013892224
2.2781954887218054,-148.7364945128011,-148.73642341665595
2.283208020050126,-148.7363507284144,-148.73628669438963
2.2882205513784473,-148.73620189048057,-148.73614997212334
2.293233082706768,-148.73604737622702,-148.73601324985702
2.298245614035089,-148.73588656288106,-148.73587652759073
2.30325814536341,-148.73571889797475,-148.73571344777085
2.3082706766917305,-148.73554469781664,-148.7355361754221
2.313283208020051,-148.735364864673,-148.73535890307338
2.318295739348372,-148.73518031178617,-148.73518163072464
2.3233082706766925,-148.7349919523985,-148.7350043583759
2.3283208020050137,-148.73480069975236,-148.73482708602717
2.3333333333333344,-148.73460746709014,-148.73464981367843
2.3383458646616555,-148.73441316765414,-148.7344725413297
2.343358395989976,-148.7342187146868,-148.734295268981
2.348370927318297,-148.73402502143037,-148.73411799663225
2.3533834586466176,-148.73383300112732,-148.7339407242835
2.3583959899749383,-148.73364356701995,-148.73376345193478
2.363408521303259,-148.73345763235065,-148.73358617958604
2.36842105263158,-148.73327611036174,-148.7334089072373
2.373433583959901,-148.73309991429565,-148.73323163488857
2.378446115288222,-148.73292995739467,-148.73305436253983
2.3834586466165426,-148.73276715290118,-148.7328770901911
2.3884711779448633,-148.73261241405757,-148.73269981784236
2.393483709273184,-148.73246665410616,-148.73252254549365
2.3984962406015047,-148.73233078628937,-148.73234527314492
2.4035087719298254,-148.73220563834647,-148.7322532740963
2.4085213032581465,-148.7320911553167,-148.73219782074779
2.4135338345864676,-148.73198676149363,-148.73214236739923
2.4185463659147883,-148.7318918744401,-148.7320869140507
2.423558897243109,-148.73180591171902,-148.73203146070216
2.4285714285714297,-148.73172829089341,-148.73197600735364
2.4335839598997504,-148.7316584295262,-148.73192055400511
2.438596491228071,-148.73159574518021,-148.73186510065656
2.4436090225563922,-148.73153965541846,-148.73180964730804
2.448621553884713,-148.73148957780387,-148.7317541939595
2.453634085213034,-148.7314449298994,-148.73169874061097
2.4586466165413547,-148.73140512926793,-148.73164328726241
2.4636591478696754,-148.7313695934724,-148.7315878339139
2.468671679197996,-148.7313377400758,-148.73153238056537
2.473684210526317,-148.73130898664095,-148.73147692721682
2.4786967418546375,-148.73128275073086,-148.7314214738683
2.4837092731829586,-148.73125844990847,-148.73136602051974
2.4887218045112793,-148.73123550173673,-148.73131056717122
2.4937343358396005,-148.7312133237785,-148.7312551138227
2.498746867167921,-148.73119133359674,-148.73119966047415
2.503759398496242,-148.73116899249862,-148.73116707502388
2.5087719298245625,-148.73114614252842,-148.73114211220636
2.5137844611528832,-148.73112282176945,-148.73111714938884
2.518796992481204,-148.73109906992516,-148.73109218657132
2.523809523809525,-148.73107492669897,-148.7310672237538
2.5288220551378457,-148.7310504317944,-148.73104226093625
2.533834586466167,-148.73102562491493,-148.73101729811873
2.5388471177944876,-148.73100054576395,-148.7309923353012
2.5438596491228083,-148.73097523404502,-148.7309673724837
2.548872180451129,-148.73094972946157,-148.73094240966617
2.5538847117794496,-148.73092407171703,-148.73091744684865
2.558897243107771,-148.73089830051492,-148.73089248403113
2.5639097744360915,-148.73087245555868,-148.7308675212136
2.5689223057644126,-148.73084657655178,-148.7308425583961
2.5739348370927333,-148.7308207031977,-148.73081759557857
2.578947368421054,-148.7307948751999,-148.73079263276102
2.5839598997493747,-148.73076913226183,-148.7307676699435
2.5889724310776954,-148.73074351408695,-148.73074270712598
2.593984962406016,-148.73071806037876,-148.73071774430846
2.598997493734337,-148.7306928108407,-148.73069278149094
2.604010025062658,-148.7306678037095,-148.73067092547234
2.609022556390979,-148.73064306638145,-148.73064984615348
2.6140350877192997,-148.73061862139406,-148.7306287668346
2.6190476190476204,-148.73059449126214,-148.73060768751574
2.624060150375941,-148.73057069850026,-148.7305866081969
2.629072681704262,-148.7305472656232,-148.730565528878
2.6340852130325825,-148.73052421514552,-148.73054444955915
2.6390977443609036,-148.730501569582,-148.7305233702403
2.6441102756892243,-148.7304793514473,-148.7305022909214
2.6491228070175454,-148.73045758325605,-148.73048121160255
2.654135338345866,-148.730436287523,-148.73046013228367
2.659147869674187,-148.73041548676278,-148.7304390529648
2.6641604010025075,-148.7303952034901,-148.73041797364596
2.669172932330828,-148.73037546021962,-148.73039689432707
2.6741854636591493,-148.73035627946604,-148.73037581500822
2.67919799498747,-148.73033768374398,-148.73035473568933
2.684210526315791,-148.73031969556823,-148.73033365637048
2.689223057644112,-148.73030233745337,-148.73031257705162
2.6942355889724325,-148.73028563191411,-148.73029149773274
2.6992481203007532,-148.73026960146515,-148.73027041841388
2.704260651629074,-148.7302542612662,-148.73025717437383
2.7092731829573946,-148.73023958006704,-148.73024531303003
2.7142857142857157,-148.73022550856464,-148.73023345168625
2.7192982456140364,-148.73021199741564,-148.73022159034247
2.7243107769423576,-148.73019899727652,-148.7302097289987
2.7293233082706783,-148.73018645880381,-148.73019786765488
2.734335839598999,-148.73017433265412,-148.7301860063111
2.7393483709273196,-148.73016256948392,-148.73017414496732
2.7443609022556403,-148.73015111994988,-148.7301622836235
2.749373433583961,-148.73013993470843,-148.73015042227973
2.754385964912282,-148.7301289644162,-148.73013856093596
2.759398496240603,-148.73011815972967,-148.73012669959218
2.764411027568924,-148.73010747130547,-148.73011483824837
2.7694235588972447,-148.7300968498001,-148.7301029769046
2.7744360902255654,-148.73008624587015,-148.7300911155608
2.779448621553886,-148.73007561017212,-148.730079254217
2.7844611528822067,-148.73006489336257,-148.73006739287322
2.7894736842105274,-148.7300540460981,-148.73005553152944
2.7944862155388486,-148.73004301903524,-148.73004367018567
2.7994987468671697,-148.7300317628305,-148.73003180884186
2.8045112781954904,-148.73002023927566,-148.73002033011275
2.809523809523811,-148.7300084703905,-148.7300088938964
2.814536340852132,-148.72999649846415,-148.72999745768004
2.8195488721804525,-148.72998436580107,-148.72998602146367
2.824561403508773,-148.7299721147057,-148.72997458524733
2.8295739348370943,-148.72995978748258,-148.72996314903097
2.834586466165415,-148.7299474264361,-148.7299517128146
2.839598997493736,-148.72993507387073,-148.72994027659823
2.844611528822057,-148.7299227720909,-148.7299288403819
2.8496240601503775,-148.72991056340118,-148.72991740416552
2.854636591478698,-148.72989849010588,-148.72990596794915
2.859649122807019,-148.72988659450957,-148.72989453173278
2.8646616541353396,-148.72987491891664,-148.72988309551644
2.8696741854636607,-148.72986350563156,-148.72987165930007
2.8746867167919814,-148.72985239695885,-148.7298602230837
2.8796992481203025,-148.72984163520286,-148.72984878686736
2.8847117794486232,-148.7298312626681,-148.729837350651
2.889724310776944,-148.7298213216591,-148.72982591443463
2.8947368421052646,-148.7298118544802,-148.72981447821826
2.8997493734335853,-148.72980290343594,-148.72980304200192
2.904761904761906,-148.72979451083071,-148.72980222969076
2.909774436090227,-148.72978671896905,-148.7298019765325
2.914786967418548,-148.72977957015536,-148.72980172337427
2.919799498746869,-148.7297731066941,-148.72980147021605
2.9248120300751896,-148.72976737088976,-148.7298012170578
2.9298245614035103,-148.72976240504678,-148.72980096389955
2.934837092731831,-148.7297582514696,-148.72980071074133
2.9398496240601517,-148.7297549524627,-148.72980045758308
2.944862155388473,-148.72975255033055,-148.72980020442483
2.9498746867167935,-148.7297510873776,-148.72979995126659
2.9548872180451147,-148.72975060590827,-148.72979969810837
2.9598997493734354,-148.72975114822705,-148.72979944495012
2.964912280701756,-148.7297527566384,-148.72979919179187
2.9699248120300767,-148.72975547344677,-148.72979893863362
2.9749373433583974,-148.72975934095663,-148.7297986854754
2.979949874686718,-148.72976440147244,-148.72979843231715
2.9849624060150393,-148.72977069729865,-148.7297981791589
2.98997493734336,-148.72977827073967,-148.72979792600066
2.994987468671681,-148.72978716410003,-148.72979767284244
3.0000000000000018,-148.7297974196842,-148.7297974196842
