distance,spline,linear
0.9,-195.2288949886688,-195.2288949886688
0.9020025031289112,-195.23996501596125,-195.2373788997148
0.9040050062578223,-195.25091702840612,-195.2458628107608
0.9060075093867335,-195.26175179727477,-195.25434672180683
0.9080100125156446,-195.27247009383856,-195.26283063285283
0.9100125156445558,-195.28307268936877,-195.27131454389882
0.9120150187734668,-195.2935603551367,-195.27979845494482
0.914017521902378,-195.30393386241366,-195.28828236599085
0.9160200250312891,-195.31419398247104,-195.29676627703685
0.9180225281602002,-195.32434148658012,-195.30525018808285
0.9200250312891114,-195.33437714601223,-195.31373409912885
0.9220275344180225,-195.3443017320387,-195.32221801017488
0.9240300375469337,-195.3541160159308,-195.33070192122088
0.9260325406758448,-195.36382076895993,-195.33918583226688
0.928035043804756,-195.37341676239734,-195.34766974331288
0.9300375469336671,-195.38290476751433,-195.3561536543589
0.9320400500625783,-195.39228555558233,-195.3646375654049
0.9340425531914893,-195.40155989787257,-195.3731214764509
0.9360450563204005,-195.4107285656564,-195.3816053874969
0.9380475594493116,-195.41979233020513,-195.39008929854293
0.9400500625782228,-195.4287519627901,-195.39857320958893
0.9420525657071339,-195.43760823468264,-195.40705712063493
0.9440550688360451,-195.446361917154,-195.41554103168093
0.9460575719649562,-195.45501378147557,-195.42402494272696
0.9480600750938674,-195.46356459891862,-195.43250885377296
0.9500625782227785,-195.47201514075454,-195.44099276481896
0.9520650813516897,-195.4803661782546,-195.44947667586496
0.9540675844806008,-195.4886184826901,-195.45796058691099
0.9560700876095118,-195.4967728253324,-195.46644449795699
0.958072590738423,-195.50482997745283,-195.47492840900298
0.9600750938673341,-195.5127907103227,-195.48341232004898
0.9620775969962453,-195.52065579521326,-195.491896231095
0.9640801001251564,-195.52842600339596,-195.500380142141
0.9660826032540676,-195.536102106142,-195.508864053187
0.9680851063829787,-195.5436848747228,-195.517347964233
0.9700876095118899,-195.5511750804096,-195.52583187527904
0.972090112640801,-195.55857349447373,-195.53431578632504
0.9740926157697122,-195.56588088818657,-195.54279969737104
0.9760951188986233,-195.5730980328194,-195.55128360841704
0.9780976220275344,-195.5802256996435,-195.55976751946307
0.9801001251564455,-195.5872646599303,-195.56825143050906
0.9821026282853567,-195.594215684951,-195.57673534155506
0.9841051314142678,-195.601079545977,-195.58521925260106
0.986107634543179,-195.60785701427957,-195.59370316364706
0.9881101376720901,-195.61454886113006,-195.6021870746931
0.9901126408010013,-195.6211558577998,-195.6106709857391
0.9921151439299124,-195.6276787755601,-195.6191548967851
0.9941176470588236,-195.63411838568229,-195.6276388078311
0.9961201501877347,-195.6404754594376,-195.63612271887712
0.9981226533166458,-195.64675076809746,-195.64460662992312
1.0001251564455569,-195.6529450829332,-195.6528400084102
1.0021276595744681,-195.65905917521604,-195.65731539851348
1.0041301627033792,-195.6650938162174,-195.6617907886167
1.0061326658322904,-195.6710497772085,-195.66626617871998
1.0081351689612015,-195.67692782946077,-195.67074156882325
1.0101376720901127,-195.68272874424545,-195.6752169589265
1.0121401752190238,-195.6884532928339,-195.67969234902978
1.0141426783479348,-195.69410224649747,-195.68416773913304
1.016145181476846,-195.69967637650737,-195.6886431292363
1.018147684605757,-195.705176454135,-195.69311851933955
1.0201501877346684,-195.7106032506517,-195.69759390944282
1.0221526908635794,-195.71595753732873,-195.70206929954608
1.0241551939924907,-195.72124008543744,-195.70654468964935
1.0261576971214017,-195.72645166624915,-195.71102007975261
1.028160200250313,-195.73159305103522,-195.71549546985588
1.030162703379224,-195.7366650110669,-195.71997085995915
1.032165206508135,-195.74166831761553,-195.72444625006239
1.0341677096370463,-195.74660374195244,-195.72892164016565
1.0361702127659576,-195.75147205534893,-195.73339703026892
1.0381727158948686,-195.7562740290764,-195.73787242037218
1.0401752190237796,-195.76101043440607,-195.74234781047545
1.0421777221526909,-195.7656820426093,-195.74682320057872
1.044180225281602,-195.77028962495746,-195.75129859068198
1.0461827284105132,-195.77483395272176,-195.75577398078522
1.0481852315394242,-195.77931579717364,-195.7602493708885
1.0501877346683355,-195.7837359295843,-195.76472476099175
1.0521902377972465,-195.78809512122518,-195.76920015109502
1.0541927409261578,-195.79239414336752,-195.7736755411983
1.0561952440550688,-195.7966337672827,-195.77815093130155
1.0581977471839799,-195.80081476424195,-195.78262632140482
1.0602002503128911,-195.80493790551665,-195.78710171150806
1.0622027534418021,-195.80900396237814,-195.79157710161132
1.0642052565707134,-195.8130137060977,-195.7960524917146
1.0662077596996244,-195.81696790794666,-195.80052788181786
1.0682102628285357,-195.82086733919635,-195.80500327192112
1.0702127659574467,-195.82471277111813,-195.8094786620244
1.072215269086358,-195.82850497498325,-195.81395405212766
1.074217772215269,-195.83224472206302,-195.8184294422309
1.07622027534418,-195.83593278362883,-195.82290483233416
1.0782227784730913,-195.83956993095194,-195.82738022243743
1.0802252816020026,-195.84315693530374,-195.8318556125407
1.0822277847309136,-195.84669456795547,-195.83633100264396
1.0842302878598247,-195.85018360017853,-195.84080639274723
1.086232790988736,-195.85362480324414,-195.84528178285046
1.088235294117647,-195.85701894842373,-195.84975717295373
1.0902377972465582,-195.86036680698854,-195.854232563057
1.0922403003754693,-195.86366915020992,-195.85870795316026
1.0942428035043805,-195.86692674935918,-195.86318334326353
1.0962453066332916,-195.8701403757077,-195.8676587333668
1.0982478097622028,-195.87331080052672,-195.87213412347006
1.1002503128911139,-195.87643879494482,-195.87632608471213
1.102252816020025,-195.87952502659266,-195.87853404392584
1.1042553191489362,-195.8825698771612,-195.88074200313957
1.1062578222778472,-195.88557367937605,-195.8829499623533
1.1082603254067585,-195.88853676596293,-195.88515792156704
1.1102628285356695,-195.89145946964751,-195.88736588078078
1.1122653316645807,-195.8943421231555,-195.88957383999448
1.1142678347934918,-195.89718505921257,-195.89178179920822
1.116270337922403,-195.89998861054443,-195.89398975842195
1.118272841051314,-195.90275310987673,-195.8961977176357
1.1202753441802251,-195.90547888993518,-195.89840567684942
1.1222778473091364,-195.9081662834455,-195.90061363606313
1.1242803504380476,-195.91081562313326,-195.90282159527686
1.1262828535669587,-195.91342724172426,-195.9050295544906
1.1282853566958697,-195.91600147194418,-195.90723751370433
1.130287859824781,-195.91853864651867,-195.90944547291807
1.132290362953692,-195.9210390981734,-195.91165343213177
1.1342928660826033,-195.9235031596341,-195.9138613913455
1.1362953692115143,-195.92593116362642,-195.91606935055924
1.1382978723404256,-195.92832344287606,-195.91827730977298
1.1403003754693366,-195.93068033010874,-195.9204852689867
1.1423028785982479,-195.93300215805007,-195.92269322820044
1.144305381727159,-195.93528925942582,-195.92490118741415
1.14630788485607,-195.93754196696162,-195.92710914662788
1.1483103879849812,-195.9397606133832,-195.92931710584162
1.1503128911138925,-195.94194553141622,-195.93152506505535
1.1523153942428035,-195.94409705378638,-195.9337330242691
1.1543178973717145,-195.94621551321933,-195.9359409834828
1.1563204005006258,-195.94830124244078,-195.93814894269653
1.1583229036295368,-195.95035457417643,-195.94035690191026
1.160325406758448,-195.95237584115193,-195.942564861124
1.1623279098873591,-195.95436537609305,-195.94477282033773
1.1643304130162702,-195.95632351172537,-195.94698077955144
1.1663329161451814,-195.95825058077463,-195.94918873876517
1.1683354192740927,-195.96014691596653,-195.9513966979789
1.1703379224030037,-195.96201285002672,-195.95360465719264
1.1723404255319148,-195.9638487156809,-195.95581261640638
1.174342928660826,-195.96565484565477,-195.95802057562008
1.176345431789737,-195.967431572674,-195.96022853483382
1.1783479349186483,-195.9691792294643,-195.96243649404755
1.1803504380475593,-195.97089814875133,-195.9646444532613
1.1823529411764706,-195.97258866326078,-195.96685241247502
1.1843554443053816,-195.97425110571837,-195.96906037168873
1.186357947434293,-195.97588580884974,-195.97126833090246
1.188360450563204,-195.9774931053806,-195.9734762901162
1.190362953692115,-195.97907332803663,-195.97568424932993
1.1923654568210262,-195.9806268095435,-195.97789220854366
1.1943679599499375,-195.982153882627,-195.98010016775737
1.1963704630788485,-195.98365488001264,-195.9823081269711
1.1983729662077596,-195.9851301344262,-195.98451608618484
1.2003754693366708,-195.9865799784831,-195.98648082676883
1.2023779724655819,-195.98800471721015,-195.9873916199573
1.2043804755944931,-195.9894045918797,-195.98830241314576
1.2063829787234042,-195.99077983478588,-195.9892132063342
1.2083854818523152,-195.99213067822282,-195.99012399952267
1.2103879849812265,-195.9934573544847,-195.9910347927111
1.2123904881101377,-195.99476009586556,-195.99194558589957
1.2143929912390488,-195.9960391346596,-195.99285637908804
1.2163954943679598,-195.99729470316095,-195.99376717227648
1.218397997496871,-195.9985270336637,-195.99467796546494
1.220400500625782,-195.999736358462,-195.9955887586534
1.2224030037546934,-196.00092290984998,-195.99649955184185
1.2244055068836044,-196.00208692012174,-195.99741034503032
1.2264080100125156,-196.0032286215715,-195.99832113821878
1.2284105131414267,-196.00434824649332,-195.99923193140722
1.230413016270338,-196.00544602718136,-196.0001427245957
1.232415519399249,-196.00652219592973,-196.00105351778416
1.23441802252816,-196.00757698503256,-196.0019643109726
1.2364205256570713,-196.008610626784,-196.00287510416106
1.2384230287859825,-196.00962335347813,-196.00378589734953
1.2404255319148936,-196.01061539740917,-196.00469669053797
1.2424280350438046,-196.0115869908712,-196.00560748372644
1.2444305381727159,-196.0125383661583,-196.0065182769149
1.246433041301627,-196.01346975556473,-196.00742907010334
1.2484355444305382,-196.0143813913845,-196.0083398632918
1.2504380475594492,-196.01527350591178,-196.00925065648025
1.2524405506883602,-196.01614633144067,-196.01016144966871
1.2544430538172715,-196.01700010026536,-196.01107224285718
1.2564455569461828,-196.01783504468,-196.01198303604562
1.2584480600750938,-196.01865139697864,-196.0128938292341
1.2604505632040048,-196.01944938945545,-196.01380462242255
1.262453066332916,-196.02022925440457,-196.014715415611
1.2644555694618271,-196.02099122412008,-196.01562620879946
1.2664580725907384,-196.0217355308962,-196.01653700198793
1.2684605757196494,-196.02246240702698,-196.01744779517637
1.2704630788485607,-196.02317208480662,-196.01835858836483
1.2724655819774717,-196.02386479652915,-196.0192693815533
1.274468085106383,-196.0245407744888,-196.02018017474174
1.276470588235294,-196.02520025097968,-196.0210909679302
1.278473091364205,-196.0258434582959,-196.02200176111867
1.2804755944931163,-196.02647062873157,-196.0229125543071
1.2824780976220276,-196.02708199458084,-196.02382334749558
1.2844806007509386,-196.02767778813785,-196.02473414068402
1.2864831038798497,-196.02825824169676,-196.02564493387248
1.288485607008761,-196.02882358755164,-196.02655572706095
1.290488110137672,-196.02937405799665,-196.0274665202494
1.2924906132665832,-196.02990988532594,-196.02837731343786
1.2944931163954942,-196.0304313018336,-196.02928810662632
1.2964956195244053,-196.0309385398138,-196.03019889981476
1.2984981226533165,-196.03143183156064,-196.03110969300323
1.3005006257822278,-196.03191140913265,-196.03184205007892
1.3025031289111388,-196.03237747607852,-196.03203909881634
1.3045056320400499,-196.03283018057658,-196.03223614755373
1.3065081351689611,-196.03326966444357,-196.03243319629115
1.3085106382978722,-196.0336960694961,-196.03263024502854
1.3105131414267834,-196.03410953755088,-196.03282729376596
1.3125156445556945,-196.03451021042457,-196.03302434250335
1.3145181476846057,-196.03489822993387,-196.03322139124077
1.3165206508135168,-196.03527373789535,-196.03341843997816
1.318523153942428,-196.03563687612584,-196.03361548871558
1.320525657071339,-196.03598778644192,-196.033812537453
1.32252816020025,-196.03632661066024,-196.0340095861904
1.3245306633291614,-196.03665349059753,-196.0342066349278
1.3265331664580726,-196.03696856807042,-196.0344036836652
1.3285356695869837,-196.0372719848956,-196.03460073240262
1.3305381727158947,-196.03756388288977,-196.03479778114
1.332540675844806,-196.03784440386954,-196.03499482987743
1.334543178973717,-196.03811368965165,-196.03519187861482
1.3365456821026283,-196.03837188205276,-196.03538892735224
1.3385481852315393,-196.03861912288943,-196.03558597608964
1.3405506883604503,-196.03885555397855,-196.03578302482705
1.3425531914893616,-196.0390813171366,-196.03598007356445
1.3445556946182728,-196.0392965541803,-196.03617712230186
1.3465581977471839,-196.0395014069264,-196.03637417103928
1.348560700876095,-196.03969601719146,-196.03657121977668
1.3505632040050062,-196.03988052679225,-196.0367682685141
1.3525657071339172,-196.0400550775454,-196.0369653172515
1.3545682102628285,-196.04021981126758,-196.0371623659889
1.3565707133917395,-196.0403748697754,-196.0373594147263
1.3585732165206508,-196.04052039488568,-196.03755646346372
1.3605757196495618,-196.04065652841498,-196.0377535122011
1.362578222778473,-196.04078341218,-196.03795056093853
1.364580725907384,-196.0409011879974,-196.03814760967592
1.3665832290362951,-196.04100999768391,-196.03834465841334
1.3685857321652064,-196.04110998305612,-196.03854170715076
1.3705882352941177,-196.04120128593078,-196.03873875588815
1.3725907384230287,-196.0412840481245,-196.03893580462557
1.3745932415519397,-196.04135841145398,-196.03913285336296
1.376595744680851,-196.0414245177359,-196.03932990210038
1.378598247809762,-196.0414825087869,-196.03952695083777
1.3806007509386733,-196.04153252642368,-196.0397239995752
1.3826032540675843,-196.04157471246296,-196.03992104831258
1.3846057571964956,-196.04160920872133,-196.04011809705
1.3866082603254066,-196.04163615701543,-196.0403151457874
1.3886107634543179,-196.04165569916208,-196.0405121945248
1.390613266583229,-196.0416679769778,-196.0407092432622
1.39261576971214,-196.04167313227939,-196.04090629199962
1.3946182728410512,-196.04167130688342,-196.04110334073704
1.3966207759699623,-196.04166264260664,-196.04130038947443
1.3986232790988735,-196.04164728126565,-196.04149743821185
1.4006257822277846,-196.04162536440487,-196.0415867578528
1.4026282853566956,-196.04159701448532,-196.04143907348163
1.4046307884856069,-196.04156232269082,-196.04129138911043
1.406633291614518,-196.04152137730594,-196.04114370473926
1.4086357947434291,-196.04147426661535,-196.04099602036806
1.4106382978723402,-196.0414210789037,-196.04084833599688
1.4126408010012514,-196.04136190245558,-196.04070065162568
1.4146433041301627,-196.04129682555566,-196.0405529672545
1.4166458072590737,-196.04122593648853,-196.0404052828833
1.4186483103879848,-196.04114932353883,-196.04025759851214
1.420650813516896,-196.0410670749912,-196.04010991414094
1.4226533166458073,-196.04097927913026,-196.03996222976977
1.4246558197747183,-196.0408860242406,-196.03981454539857
1.4266583229036294,-196.04078739860688,-196.0396668610274
1.4286608260325404,-196.04068349051374,-196.0395191766562
1.4306633291614517,-196.04057438824577,-196.03937149228503
1.432665832290363,-196.04046018008768,-196.03922380791383
1.434668335419274,-196.04034095432402,-196.03907612354266
1.436670838548185,-196.0402167992394,-196.03892843917149
1.4386733416770963,-196.04008780311852,-196.03878075480029
1.4406758448060075,-196.03995405424598,-196.0386330704291
1.4426783479349186,-196.03981564090637,-196.0384853860579
1.4446808510638296,-196.0396726513844,-196.03833770168674
1.4466833541927406,-196.0395251739646,-196.03819001731554
1.448685857321652,-196.03937329693164,-196.03804233294437
1.4506883604505632,-196.03921710857017,-196.03789464857317
1.4526908635794742,-196.03905669716482,-196.037746964202
1.4546933667083852,-196.03889215100017,-196.0375992798308
1.4566958698372965,-196.03872355836089,-196.03745159545963
1.4586983729662077,-196.03855100753157,-196.03730391108843
1.4607008760951188,-196.03837458679686,-196.03715622671726
1.4627033792240298,-196.03819438444143,-196.03700854234606
1.464705882352941,-196.03801048874985,-196.0368608579749
1.4667083854818523,-196.03782298800672,-196.0367131736037
1.4687108886107634,-196.03763197049676,-196.03656548923252
1.4707133917396744,-196.03743752450455,-196.03641780486132
1.4727158948685855,-196.0372397383147,-196.03627012049014
1.4747183979974967,-196.03703870021184,-196.03612243611894
1.476720901126408,-196.03683449848063,-196.03597475174777
1.478723404255319,-196.03662722140567,-196.03582706737657
1.48072590738423,-196.03641695727157,-196.0356793830054
1.4827284105131413,-196.03620379436305,-196.0355316986342
1.4847309136420526,-196.03598782096464,-196.03538401426303
1.4867334167709636,-196.03576912536099,-196.03523632989183
1.4887359198998746,-196.03554779583675,-196.03508864552066
1.4907384230287857,-196.03532392067652,-196.03494096114946
1.492740926157697,-196.03509758816497,-196.0347932767783
1.4947434292866082,-196.03486888658668,-196.0346455924071
1.4967459324155192,-196.0346379042263,-196.03449790803592
1.4987484355444303,-196.03440472936845,-196.03435022366472
1.5007509386733415,-196.03416944991505,-196.0341573807036
1.5027534418022528,-196.0339321364314,-196.0338892734259
1.5047559449311638,-196.0336928354271,-196.0336211661482
1.5067584480600749,-196.03345159163993,-196.0333530588705
1.5087609511889861,-196.0332084498075,-196.0330849515928
1.5107634543178974,-196.03296345466754,-196.0328168443151
1.5127659574468084,-196.03271665095764,-196.03254873703742
1.5147684605757195,-196.03246808341567,-196.0322806297597
1.5167709637046305,-196.03221779677918,-196.032012522482
1.5187734668335418,-196.03196583578594,-196.03174441520432
1.520775969962453,-196.03171224517357,-196.03147630792662
1.522778473091364,-196.03145706967982,-196.0312082006489
1.524780976220275,-196.0312003540423,-196.0309400933712
1.5267834793491863,-196.03094214299884,-196.03067198609352
1.5287859824780976,-196.03068248128702,-196.03040387881583
1.5307884856070086,-196.03042141364458,-196.0301357715381
1.5327909887359197,-196.03015898480916,-196.02986766426042
1.534793491864831,-196.02989523951848,-196.02959955698273
1.536795994993742,-196.02963022251024,-196.02933144970504
1.5387984981226532,-196.02936397852213,-196.02906334242732
1.5408010012515643,-196.02909655229186,-196.02879523514963
1.5428035043804753,-196.02882798855705,-196.02852712787194
1.5448060075093866,-196.02855833205547,-196.02825902059425
1.5468085106382978,-196.02828762752475,-196.02799091331653
1.5488110137672089,-196.02801591970263,-196.02772280603884
1.55081351689612,-196.02774325332675,-196.02745469876115
1.5528160200250312,-196.02746967313487,-196.02718659148346
1.5548185231539424,-196.02719522386462,-196.02691848420574
1.5568210262828535,-196.02691995025373,-196.02665037692805
1.5588235294117645,-196.02664389703983,-196.02638226965036
1.5608260325406755,-196.02636710896067,-196.02611416237266
1.5628285356695868,-196.02608963075392,-196.02584605509495
1.564831038798498,-196.0258115071573,-196.02557794781725
1.566833541927409,-196.02553278290844,-196.02530984053956
1.5688360450563201,-196.0252535027451,-196.02504173326187
1.5708385481852314,-196.02497371140493,-196.02477362598415
1.5728410513141426,-196.02469345362562,-196.02450551870646
1.5748435544430537,-196.02441277414485,-196.02423741142877
1.5768460575719647,-196.02413171770036,-196.02396930415108
1.578848560700876,-196.02385032902978,-196.02370119687336
1.580851063829787,-196.02356865287084,-196.02343308959567
1.5828535669586983,-196.02328673396124,-196.02316498231798
1.5848560700876093,-196.02300461703862,-196.0228968750403
1.5868585732165204,-196.0227223468407,-196.02262876776257
1.5888610763454316,-196.02243996810523,-196.02236066048488
1.5908635794743429,-196.02215752556978,-196.0220925532072
1.592866082603254,-196.02187506397215,-196.0218244459295
1.594868585732165,-196.02159262804994,-196.02155633865178
1.5968710888610762,-196.02131026254094,-196.0212882313741
1.5988735919899875,-196.02102801218274,-196.0210201240964
1.6008760951188985,-196.0207459213253,-196.0207510073255
1.6028785982478095,-196.02046402211354,-196.02048059263475
1.6048811013767206,-196.02018233232354,-196.02021017794402
1.6068836045056318,-196.01990086890706,-196.01993976325332
1.608886107634543,-196.01961964881596,-196.0196693485626
1.6108886107634541,-196.01933868900204,-196.01939893387186
1.6128911138923652,-196.01905800641705,-196.01912851918112
1.6148936170212764,-196.01877761801293,-196.0188581044904
1.6168961201501877,-196.01849754074146,-196.01858768979966
1.6188986232790987,-196.0182177915544,-196.01831727510893
1.6209011264080098,-196.01793838740366,-196.0180468604182
1.622903629536921,-196.017659345241,-196.0177764457275
1.624906132665832,-196.01738068201817,-196.01750603103676
1.6269086357947433,-196.0171024146871,-196.01723561634603
1.6289111389236544,-196.01682456019958,-196.0169652016553
1.6309136420525654,-196.0165471355074,-196.01669478696456
1.6329161451814767,-196.01627015756242,-196.01642437227383
1.634918648310388,-196.01599364331642,-196.0161539575831
1.636921151439299,-196.01571760972118,-196.01588354289237
1.63892365456821,-196.0154420737286,-196.01561312820166
1.6409261576971212,-196.0151670522905,-196.01534271351093
1.6429286608260325,-196.01489256235863,-196.0150722988202
1.6449311639549435,-196.01461862088485,-196.01480188412947
1.6469336670838546,-196.01434524482093,-196.01453146943874
1.6489361702127656,-196.01407245111872,-196.014261054748
1.6509386733416769,-196.0138002567301,-196.01399064005727
1.6529411764705881,-196.01352867860678,-196.01372022536654
1.6549436795994992,-196.01325773370064,-196.01344981067584
1.6569461827284102,-196.0129874389635,-196.0131793959851
1.6589486858573215,-196.0127178113471,-196.01290898129437
1.6609511889862327,-196.01244886780339,-196.01263856660364
1.6629536921151438,-196.0121806252841,-196.0123681519129
1.6649561952440548,-196.01191310074105,-196.01209773722218
1.666958698372966,-196.01164631112607,-196.01182732253145
1.6689612015018773,-196.011380273391,-196.01155690784074
1.6709637046307884,-196.0111150044876,-196.01128649315
1.6729662077596994,-196.01085052136776,-196.01101607845928
1.6749687108886104,-196.01058684098325,-196.01074566376855
1.6769712140175217,-196.0103239802859,-196.0104752490778
1.678973717146433,-196.01006195622753,-196.01020483438708
1.680976220275344,-196.00980078575995,-196.00993441969635
1.682978723404255,-196.00954048583498,-196.00966400500562
1.6849812265331663,-196.00928107340442,-196.00939359031491
1.6869837296620775,-196.00902256542014,-196.00912317562418
1.6889862327909886,-196.0087649788339,-196.00885276093345
1.6909887359198996,-196.00850833059758,-196.00858234624272
1.6929912390488107,-196.00825263766293,-196.008311931552
1.694993742177722,-196.0079979169818,-196.00804151686125
1.6969962453066332,-196.00774418550603,-196.00777110217052
1.6989987484355442,-196.0074914601874,-196.0075006874798
1.7010012515644553,-196.0072397576786,-196.00725304648122
1.7030037546933665,-196.00698908775271,-196.00702817917477
1.7050062578222778,-196.006739453303,-196.0068033118683
1.7070087609511888,-196.0064908569237,-196.00657844456185
1.7090112640800998,-196.0062433012091,-196.00635357725542
1.711013767209011,-196.00599678875335,-196.00612870994897
1.7130162703379224,-196.0057513221507,-196.0059038426425
1.7150187734668334,-196.00550690399535,-196.00567897533608
1.7170212765957444,-196.00526353688153,-196.00545410802962
1.7190237797246555,-196.0050212234035,-196.00522924072317
1.7210262828535667,-196.00477996615538,-196.0050043734167
1.723028785982478,-196.0045397677315,-196.00477950611028
1.725031289111389,-196.00430063072602,-196.00455463880382
1.7270337922403,-196.0040625577332,-196.00432977149737
1.7290362953692113,-196.0038255513472,-196.0041049041909
1.7310387984981226,-196.00358961416234,-196.00388003688448
1.7330413016270336,-196.0033547487727,-196.00365516957802
1.7350438047559447,-196.00312095777258,-196.00343030227157
1.7370463078848557,-196.00288824375625,-196.00320543496514
1.739048811013767,-196.00265660931788,-196.00298056765868
1.7410513141426782,-196.00242605705165,-196.00275570035222
1.7430538172715893,-196.00219658955183,-196.00253083304577
1.7450563204005003,-196.00196820941264,-196.00230596573934
1.7470588235294116,-196.00174091922827,-196.00208109843288
1.7490613266583228,-196.001514721593,-196.00185623112642
1.7510638297872338,-196.00128961910096,-196.00163136381997
1.7530663329161449,-196.00106561434646,-196.00140649651354
1.7550688360450561,-196.00084270992372,-196.00118162920708
1.7570713391739674,-196.00062090842687,-196.00095676190062
1.7590738423028784,-196.00040021245022,-196.0007318945942
1.7610763454317895,-196.00018062458787,-196.00050702728774
1.7630788485607005,-195.9999621474342,-196.00028215998128
1.7650813516896118,-195.99974478358334,-196.00005729267482
1.767083854818523,-195.9995285356295,-195.9998324253684
1.769086357947434,-195.99931340616698,-195.99960755806194
1.7710888610763451,-195.9990993977899,-195.99938269075548
1.7730913642052564,-195.99888651309257,-195.99915782344905
1.7750938673341676,-195.99867475466914,-195.9989329561426
1.7770963704630787,-195.99846412511383,-195.99870808883614
1.7790988735919897,-195.99825462702094,-195.99848322152968
1.7811013767209007,-195.99804626298462,-195.99825835422325
1.783103879849812,-195.99783903559913,-195.9980334869168
1.7851063829787233,-195.99763294745864,-195.99780861961034
1.7871088861076343,-195.9974280011574,-195.99758375230388
1.7891113892365453,-195.99722419928963,-195.99735888499745
1.7911138923654566,-195.9970215444496,-195.997134017691
1.7931163954943679,-195.99682003923144,-195.99690915038454
1.795118898623279,-195.99661968622945,-195.9966842830781
1.79712140175219,-195.99642048803778,-195.99645941577165
1.7991239048811012,-195.99622244725072,-195.9962345484652
1.8011264080100124,-195.99602556629708,-195.99604099434686
1.8031289111389235,-195.995829844724,-195.99587179493037
1.8051314142678345,-195.9956352796305,-195.9957025955139
1.8071339173967456,-195.995441868038,-195.99553339609741
1.8091364205256568,-195.99524960696783,-195.99536419668092
1.811138923654568,-195.99505849344135,-195.99519499726446
1.8131414267834791,-195.9948685244799,-195.99502579784797
1.8151439299123902,-195.99467969710483,-195.99485659843148
1.8171464330413014,-195.99449200833752,-195.99468739901502
1.8191489361702127,-195.99430545519922,-195.99451819959853
1.8211514392991237,-195.99412003471141,-195.99434900018204
1.8231539424280347,-195.99393574389538,-195.99417980076558
1.8251564455569458,-195.9937525797725,-195.9940106013491
1.827158948685857,-195.9935705393641,-195.9938414019326
1.8291614518147683,-195.99338961969153,-195.99367220251614
1.8311639549436793,-195.99320981777615,-195.99350300309965
1.8331664580725904,-195.99303113063934,-195.99333380368316
1.8351689612015016,-195.9928535553024,-195.9931646042667
1.837171464330413,-195.9926770887867,-195.9929954048502
1.839173967459324,-195.99250172811364,-195.99282620543372
1.841176470588235,-195.99232747030445,-195.99265700601725
1.8431789737171462,-195.99215431238062,-195.99248780660076
1.8451814768460575,-195.99198225136342,-195.99231860718427
1.8471839799749685,-195.99181128427423,-195.9921494077678
1.8491864831038796,-195.9916414081344,-195.99198020835132
1.8511889862327906,-195.99147261996524,-195.99181100893483
1.8531914893617019,-195.99130491678812,-195.99164180951834
1.8551939924906131,-195.99113829562444,-195.99147261010188
1.8571964956195242,-195.9909727534955,-195.9913034106854
1.8591989987484352,-195.99080828742268,-195.9911342112689
1.8612015018773465,-195.9906448944273,-195.99096501185244
1.8632040050062577,-195.99048257153075,-195.99079581243595
1.8652065081351688,-195.99032131575436,-195.99062661301946
1.8672090112640798,-195.99016112411945,-195.990457413603
1.869211514392991,-195.99000199364744,-195.9902882141865
1.871214017521902,-195.9898439213596,-195.99011901477002
1.8732165206508133,-195.98968690427736,-195.98994981535355
1.8752190237797244,-195.98953093942202,-195.98978061593706
1.8772215269086354,-195.98937602381497,-195.98961141652057
1.8792240300375467,-195.9892221544775,-195.9894422171041
1.881226533166458,-195.98906932843101,-195.98927301768762
1.883229036295369,-195.98891754269684,-195.98910381827113
1.88523153942428,-195.98876679429637,-195.98893461885467
1.8872340425531913,-195.9886170802509,-195.98876541943818
1.8892365456821025,-195.98846839758178,-195.9885962200217
1.8912390488110136,-195.98832074331037,-195.98842702060523
1.8932415519399246,-195.98817411445805,-195.98825782118874
1.8952440550688356,-195.98802850804617,-195.98808862177225
1.897246558197747,-195.98788392109606,-195.9879194223558
1.8992490613266582,-195.9877403506291,-195.9877502229393
1.9012515644555692,-195.9875977936227,-195.98761234066038
1.9032540675844802,-195.98745624645792,-195.987493248664
1.9052565707133913,-195.98731570508608,-195.9873741566676
1.9072590738423028,-195.98717616544903,-195.98725506467125
1.9092615769712138,-195.98703762348853,-195.98713597267488
1.9112640801001248,-195.98690007514648,-195.98701688067848
1.9132665832290359,-195.98676351636465,-195.9868977886821
1.9152690863579473,-195.98662794308484,-195.98677869668575
1.9172715894868584,-195.98649335124898,-195.98665960468935
1.9192740926157694,-195.9863597367988,-195.98654051269298
1.9212765957446805,-195.9862270956761,-195.9864214206966
1.923279098873592,-195.98609542382277,-195.98630232870022
1.925281602002503,-195.9859647171806,-195.98618323670385
1.927284105131414,-195.98583497169142,-195.98606414470746
1.929286608260325,-195.98570618329708,-195.9859450527111
1.931289111389236,-195.98557834793934,-195.98582596071472
1.9332916145181476,-195.98545146156007,-195.98570686871832
1.9352941176470586,-195.98532552010107,-195.98558777672196
1.9372966207759696,-195.98520051950416,-195.98546868472556
1.9392991239048807,-195.98507645571118,-195.9853495927292
1.9413016270337922,-195.98495332466396,-195.98523050073283
1.9433041301627032,-195.9848311223043,-195.98511140873643
1.9453066332916142,-195.984709844574,-195.98499231674006
1.9473091364205253,-195.98458948741495,-195.9848732247437
1.9493116395494363,-195.9844700467689,-195.9847541327473
1.9513141426783478,-195.9843515185777,-195.98463504075093
1.9533166458072588,-195.98423389878317,-195.98451594875453
1.9553191489361699,-195.98411718332716,-195.98439685675817
1.957321652065081,-195.98400136815147,-195.9842777647618
1.9593241551939924,-195.9838864491979,-195.9841586727654
1.9613266583229034,-195.98377242240832,-195.98403958076904
1.9633291614518145,-195.9836592837245,-195.98392048877267
1.9653316645807255,-195.9835470290883,-195.98380139677627
1.967334167709637,-195.98343565444154,-195.9836823047799
1.969336670838548,-195.983325155726,-195.98356321278354
1.971339173967459,-195.98321552888356,-195.98344412078714
1.97334167709637,-195.983106769856,-195.98332502879077
1.9753441802252811,-195.98299887458518,-195.98320593679438
1.9773466833541926,-195.98289183901286,-195.983086844798
1.9793491864831037,-195.98278565908095,-195.98296775280164
1.9813516896120147,-195.9826803307312,-195.98284866080525
1.9833541927409257,-195.98257584990546,-195.98272956880888
1.9853566958698372,-195.98247221254553,-195.9826104768125
1.9873591989987482,-195.98236941459328,-195.98249138481611
1.9893617021276593,-195.98226745199048,-195.98237229281975
1.9913642052565703,-195.98216632067897,-195.98225320082335
1.9933667083854814,-195.98206601660058,-195.98213410882698
1.9953692115143928,-195.98196653569715,-195.98201501683062
1.9973717146433039,-195.98186787391046,-195.98189592483422
1.999374217772215,-195.98177002718234,-195.98177683283785
2.001376720901126,-195.98167299142446,-195.98168538132404
2.0033792240300374,-195.98157676222277,-195.98160649366594
2.0053817271589485,-195.9814813349645,-195.98152760600786
2.0073842302878595,-195.98138670503414,-195.98144871834975
2.0093867334167705,-195.98129286781614,-195.98136983069168
2.011389236545682,-195.98119981869485,-195.98129094303357
2.013391739674593,-195.98110755305478,-195.98121205537547
2.015394242803504,-195.98101606628032,-195.9811331677174
2.017396745932415,-195.98092535375594,-195.98105428005928
2.019399249061326,-195.98083541086604,-195.9809753924012
2.0214017521902377,-195.98074623299507,-195.9808965047431
2.0234042553191487,-195.98065781552748,-195.980817617085
2.0254067584480597,-195.98057015384768,-195.98073872942692
2.0274092615769708,-195.98048324334013,-195.9806598417688
2.0294117647058822,-195.98039707938923,-195.98058095411074
2.0314142678347933,-195.98031165737942,-195.98050206645263
2.0334167709637043,-195.98022697269516,-195.98042317879455
2.0354192740926154,-195.9801430207209,-195.98034429113645
2.0374217772215264,-195.98005979684103,-195.98026540347834
2.039424280350438,-195.97997729644,-195.98018651582026
2.041426783479349,-195.97989551490227,-195.98010762816216
2.04342928660826,-195.9798144476122,-195.98002874050408
2.045431789737171,-195.97973408995426,-195.97994985284598
2.0474342928660825,-195.97965443731292,-195.97987096518787
2.0494367959949935,-195.97957548507262,-195.9797920775298
2.0514392991239045,-195.97949722861776,-195.9797131898717
2.0534418022528156,-195.97941966333278,-195.9796343022136
2.055444305381727,-195.9793427846021,-195.9795554145555
2.057446808510638,-195.97926658781014,-195.9794765268974
2.059449311639549,-195.97919106834144,-195.97939763923932
2.06145181476846,-195.97911622158028,-195.97931875158122
2.063454317897371,-195.97904204291123,-195.97923986392314
2.0654568210262827,-195.97896852771865,-195.97916097626504
2.0674593241551937,-195.978895671387,-195.97908208860693
2.0694618272841048,-195.9788234693007,-195.97900320094885
2.071464330413016,-195.97875191684415,-195.97892431329075
2.0734668335419273,-195.97868100940187,-195.97884542563267
2.0754693366708383,-195.97861074235823,-195.97876653797456
2.0774718397997494,-195.9785411110977,-195.97868765031646
2.0794743429286604,-195.9784721110047,-195.97860876265838
2.0814768460575714,-195.97840373746365,-195.97852987500028
2.083479349186483,-195.978335985859,-195.9784509873422
2.085481852315394,-195.97826885157517,-195.9783720996841
2.087484355444305,-195.9782023299966,-195.978293212026
2.089486858573216,-195.97813641650774,-195.9782143243679
2.0914893617021275,-195.97807110649305,-195.9781354367098
2.0934918648310386,-195.97800639533688,-195.97805654905173
2.0954943679599496,-195.97794227842374,-195.97797766139362
2.0974968710888606,-195.977878751138,-195.97789877373552
2.099499374217772,-195.97781580886416,-195.97781988607744
2.101501877346683,-195.97775344706162,-195.97776302529138
2.103504380475594,-195.97769166184239,-195.977713506796
2.105506883604505,-195.97763044965467,-195.9776639883006
2.1075093867334163,-195.97756980694928,-195.97761446980522
2.1095118898623277,-195.97750973017716,-195.97756495130983
2.1115143929912388,-195.9774502157891,-195.97751543281447
2.11351689612015,-195.9773912602361,-195.97746591431908
2.115519399249061,-195.977332859969,-195.9774163958237
2.1175219023779723,-195.97727501143862,-195.9773668773283
2.1195244055068834,-195.97721771109596,-195.97731735883292
2.1215269086357944,-195.97716095539184,-195.97726784033753
2.1235294117647054,-195.97710474077718,-195.97721832184214
2.125531914893617,-195.9770490637028,-195.97716880334679
2.127534418022528,-195.9769939206197,-195.9771192848514
2.129536921151439,-195.97693930797863,-195.977069766356
2.13153942428035,-195.97688522223052,-195.97702024786062
2.133541927409261,-195.97683165982633,-195.97697072936523
2.1355444305381726,-195.9767786172169,-195.97692121086985
2.1375469336670836,-195.97672609085308,-195.97687169237446
2.1395494367959946,-195.9766740771858,-195.9768221738791
2.1415519399249057,-195.97662257266597,-195.9767726553837
2.143554443053817,-195.9765715737444,-195.97672313688832
2.145556946182728,-195.976521076872,-195.97667361839294
2.1475594493116392,-195.97647107849969,-195.97662409989755
2.1495619524405503,-195.97642157507835,-195.97657458140216
2.1515644555694613,-195.9763725630588,-195.97652506290677
2.153566958698373,-195.97632403889205,-195.97647554441141
2.155569461827284,-195.97627599902887,-195.97642602591603
2.157571964956195,-195.97622843992022,-195.97637650742064
2.159574468085106,-195.97618135801693,-195.97632698892525
2.1615769712140174,-195.9761347497699,-195.97627747042986
2.1635794743429284,-195.97608861163008,-195.97622795193448
2.1655819774718394,-195.97604294004825,-195.9761784334391
2.1675844806007505,-195.97599773147536,-195.97612891494373
2.169586983729662,-195.97595298236232,-195.97607939644834
2.171589486858573,-195.97590868915992,-195.97602987795295
2.173591989987484,-195.97586484831916,-195.97598035945757
2.175594493116395,-195.97582145629087,-195.97593084096218
2.177596996245306,-195.97577850952595,-195.9758813224668
2.1795994993742176,-195.9757360044752,-195.9758318039714
2.1816020025031286,-195.97569393758968,-195.97578228547604
2.1836045056320397,-195.97565230532015,-195.97573276698066
2.1856070087609507,-195.9756111041175,-195.97568324848527
2.187609511889862,-195.97557033043265,-195.97563372998988
2.1896120150187732,-195.9755299807165,-195.9755842114945
2.1916145181476843,-195.97549005141988,-195.9755346929991
2.1936170212765953,-195.9754505389937,-195.97548517450372
2.1956195244055063,-195.9754114398889,-195.97543565600836
2.197622027534418,-195.9753727505563,-195.97538613751297
2.199624530663329,-195.97533446744674,-195.97533661901758
2.20162703379224,-195.97529658706875,-195.97530362893784
2.203629536921151,-195.975259106339,-195.9752744531079
2.2056320400500624,-195.97522202235095,-195.97524527727793
2.2076345431789735,-195.9751853321988,-195.97521610144796
2.2096370463078845,-195.97514903297667,-195.975186925618
2.2116395494367955,-195.9751131217788,-195.97515774978805
2.213642052565707,-195.97507759569928,-195.97512857395807
2.215644555694618,-195.9750424518323,-195.97509939812812
2.217647058823529,-195.97500768727207,-195.97507022229814
2.21964956195244,-195.9749732991127,-195.9750410464682
2.221652065081351,-195.97493928444837,-195.97501187063824
2.2236545682102626,-195.9749056403733,-195.97498269480826
2.2256570713391737,-195.97487236398158,-195.9749535189783
2.2276595744680847,-195.9748394523674,-195.97492434314836
2.2296620775969958,-195.97480690262498,-195.97489516731838
2.2316645807259072,-195.97477471184845,-195.97486599148843
2.2336670838548183,-195.97474287713194,-195.97483681565845
2.2356695869837293,-195.9747113955697,-195.9748076398285
2.2376720901126403,-195.97468026425582,-195.97477846399855
2.2396745932415514,-195.9746494802845,-195.97474928816857
2.241677096370463,-195.97461904074993,-195.97472011233862
2.243679599499374,-195.9745889427462,-195.97469093650867
2.245682102628285,-195.9745591833676,-195.97466176067869
2.247684605757196,-195.9745297597082,-195.97463258484873
2.2496871088861075,-195.9745006688622,-195.97460340901875
2.2516896120150185,-195.97447190792377,-195.9745742331888
2.2536921151439295,-195.97444347398704,-195.97454505735885
2.2556946182728406,-195.97441536414624,-195.97451588152887
2.257697121401752,-195.97438757549548,-195.97448670569892
2.259699624530663,-195.974360105129,-195.97445752986897
2.261702127659574,-195.97433295014088,-195.974428354039
2.263704630788485,-195.97430610762535,-195.97439917820904
2.265707133917396,-195.97427957467656,-195.97437000237906
2.2677096370463077,-195.97425334838866,-195.9743408265491
2.2697121401752187,-195.97422742585584,-195.97431165071916
2.2717146433041298,-195.97420180417225,-195.97428247488918
2.273717146433041,-195.97417648043205,-195.97425329905923
2.2757196495619523,-195.97415145172945,-195.97422412322928
2.2777221526908633,-195.9741267151586,-195.9741949473993
2.2797246558197743,-195.97410226781363,-195.97416577156935
2.2817271589486854,-195.97407810678877,-195.9741365957394
2.2837296620775964,-195.97405422917814,-195.97410741990942
2.285732165206508,-195.9740306320759,-195.97407824407946
2.287734668335419,-195.97400731257628,-195.97404906824949
2.28973717146433,-195.97398426777337,-195.97401989241953
2.291739674593241,-195.9739614947614,-195.97399071658958
2.2937421777221525,-195.9739389906345,-195.9739615407596
2.2957446808510635,-195.97391675248687,-195.97393236492965
2.2977471839799746,-195.97389477741262,-195.9739031890997
2.2997496871088856,-195.973873062506,-195.97387401326972
2.301752190237797,-195.97385160497245,-195.97385642536673
2.303754693366708,-195.97383040266774,-195.9738404928819
2.305757196495619,-195.9738094536829,-195.97382456039705
2.30775969962453,-195.97378875610934,-195.9738086279122
2.3097622027534412,-195.97376830803853,-195.97379269542736
2.3117647058823527,-195.9737481075618,-195.97377676294252
2.3137672090112638,-195.97372815277055,-195.97376083045768
2.315769712140175,-195.97370844175614,-195.97374489797284
2.317772215269086,-195.97368897261012,-195.973728965488
2.3197747183979973,-195.97366974342376,-195.97371303300315
2.3217772215269084,-195.97365075228845,-195.9736971005183
2.3237797246558194,-195.97363199729568,-195.97368116803347
2.3257822277847304,-195.97361347653677,-195.97366523554862
2.3277847309136415,-195.9735951881032,-195.97364930306378
2.329787234042553,-195.97357713008623,-195.97363337057894
2.331789737171464,-195.9735593005774,-195.9736174380941
2.333792240300375,-195.97354169766808,-195.97360150560925
2.335794743429286,-195.97352431944958,-195.9735855731244
2.3377972465581975,-195.97350716401343,-195.97356964063957
2.3397997496871086,-195.97349022945093,-195.97355370815472
2.3418022528160196,-195.97347351385355,-195.97353777566988
2.3438047559449307,-195.97345701531262,-195.97352184318504
2.345807259073842,-195.9734407319196,-195.9735059107002
2.347809762202753,-195.97342466176585,-195.97348997821535
2.349812265331664,-195.97340880294277,-195.9734740457305
2.3518147684605752,-195.97339315354176,-195.97345811324567
2.3538172715894863,-195.97337771165428,-195.97344218076083
2.3558197747183978,-195.97336247537166,-195.97342624827598
2.357822277847309,-195.9733474427853,-195.97341031579114
2.35982478097622,-195.97333261198662,-195.9733943833063
2.361827284105131,-195.97331798106703,-195.97337845082146
2.3638297872340424,-195.9733035481179,-195.97336251833661
2.3658322903629534,-195.9732893112307,-195.97334658585177
2.3678347934918644,-195.97327526849674,-195.97333065336693
2.3698372966207755,-195.97326141800744,-195.9733147208821
2.3718397997496865,-195.97324775785424,-195.97329878839724
2.373842302878598,-195.97323428612853,-195.9732828559124
2.375844806007509,-195.97322100092165,-195.97326692342756
2.37784730913642,-195.97320790032506,-195.97325099094272
2.379849812265331,-195.97319498243013,-195.97323505845787
2.3818523153942426,-195.9731822453283,-195.97321912597303
2.3838548185231536,-195.97316968711095,-195.9732031934882
2.3858573216520647,-195.97315730586942,-195.97318726100335
2.3878598247809757,-195.97314509969522,-195.9731713285185
2.389862327909887,-195.97313306667965,-195.97315539603366
2.391864831038798,-195.97312120491412,-195.97313946354882
2.3938673341677092,-195.9731095124901,-195.97312353106398
2.3958698372966203,-195.973097987499,-195.97310759857913
2.3978723404255313,-195.9730866280321,-195.9730916660943
2.399874843554443,-195.97307543218085,-195.97307573360945
2.401877346683354,-195.97306439803668,-195.97306736608365
2.403879849812265,-195.973053523691,-195.97305950288845
2.405882352941176,-195.97304280723517,-195.97305163969327
2.4078848560700874,-195.9730322467606,-195.97304377649806
2.4098873591989984,-195.97302184035868,-195.97303591330288
2.4118898623279095,-195.97301158612083,-195.97302805010767
2.4138923654568205,-195.97300148213844,-195.9730201869125
2.4158948685857315,-195.97299152650294,-195.9730123237173
2.417897371714643,-195.9729817173057,-195.9730044605221
2.419899874843554,-195.97297205263806,-195.97299659732693
2.421902377972465,-195.97296253059153,-195.97298873413172
2.423904881101376,-195.97295314925745,-195.97298087093654
2.4259073842302876,-195.97294390672724,-195.97297300774133
2.4279098873591987,-195.97293480109224,-195.97296514454615
2.4299123904881097,-195.97292583044393,-195.97295728135094
2.4319148936170207,-195.97291699287368,-195.97294941815576
2.433917396745932,-195.9729082864729,-195.97294155496058
2.4359198998748433,-195.97289970933295,-195.97293369176538
2.4379224030037543,-195.97289125954526,-195.9729258285702
2.4399249061326653,-195.9728829352012,-195.972917965375
2.4419274092615764,-195.9728747343922,-195.9729101021798
2.443929912390488,-195.97286665520966,-195.9729022389846
2.445932415519399,-195.97285869574497,-195.97289437578942
2.44793491864831,-195.97285085408956,-195.97288651259421
2.449937421777221,-195.97284312833477,-195.97287864939904
2.4519399249061324,-195.97283551657202,-195.97287078620386
2.4539424280350435,-195.97282801689272,-195.97286292300865
2.4559449311639545,-195.97282062738827,-195.97285505981347
2.4579474342928656,-195.97281334615008,-195.97284719661826
2.459949937421777,-195.97280617126953,-195.97283933342308
2.461952440550688,-195.97279910083802,-195.97283147022787
2.463954943679599,-195.97279213294698,-195.9728236070327
2.46595744680851,-195.97278526568778,-195.97281574383751
2.467959949937421,-195.97277849715178,-195.9728078806423
2.4699624530663327,-195.97277182543044,-195.97280001744713
2.4719649561952437,-195.97276524861516,-195.97279215425192
2.4739674593241547,-195.9727587647973,-195.97278429105674
2.4759699624530658,-195.9727523720683,-195.97277642786153
2.4779724655819773,-195.97274606851954,-195.97276856466635
2.4799749687108883,-195.97273985224243,-195.97276070147115
2.4819774718397993,-195.97273372132832,-195.97275283827597
2.4839799749687104,-195.9727276738687,-195.9727449750808
2.4859824780976214,-195.9727217079549,-195.97273711188558
2.487984981226533,-195.97271582167832,-195.9727292486904
2.489987484355444,-195.97271001313038,-195.9727213854952
2.491989987484355,-195.97270428040247,-195.9727135223
2.493992490613266,-195.97269862158603,-195.9727056591048
2.4959949937421775,-195.9726930347724,-195.97269779590962
2.4979974968710885,-195.972687518053,-195.97268993271442
2.4999999999999996,-195.97268206951924,-195.97268206951924
